title,genre,price,stock,upc
Soumission,Fiction,£50.10,In stock (20 available),6957f44c3847a760
Sharp Objects,Mystery,£47.82,In stock (20 available),e00eb4fd7b871a48
Set Me Free,Young Adult,£17.46,In stock (19 available),ce6396b0f23f6ecc
Tipping the Velvet,Historical Fiction,£53.74,In stock (20 available),90fa61229261140a
Shakespeare's Sonnets,Poetry,£20.66,In stock (19 available),30a7f60cd76ca58c
Sapiens: A Brief History of Humankind,History,£54.23,In stock (20 available),4165285e1663650f
The Requiem Red,Young Adult,£22.65,In stock (19 available),f77dbf2323deb740
"The Coming Woman: A Novel Based on the Life of the Infamous Feminist, Victoria Woodhull",Default,£17.93,In stock (19 available),e72a5dfc7e9267b2
A Light in the Attic,Poetry,£51.77,In stock (22 available),a897fe39b1053632
The Dirty Little Secrets of Getting Your Dream Job,Business,£33.34,In stock (19 available),2597b5a345f45e1b
"Starving Hearts (Triangular Trade Trilogy, #1)",Default,£13.99,In stock (19 available),0312262ecafa5a40
The Black Maria,Poetry,£52.15,In stock (19 available),1dfe412b8ac00530
The Boys in the Boat: Nine Americans and Their Epic Quest for Gold at the 1936 Berlin Olympics,Default,£22.60,In stock (19 available),e10e1e165dc8be4a
Olio,Poetry,£23.88,In stock (19 available),feb7cc7701ecf901
"Our Band Could Be Your Life: Scenes from the American Indie Underground, 1981-1991",Music,£57.25,In stock (19 available),deda3e61b9514b83
It's Only the Himalayas,Travel,£45.17,In stock (19 available),a22124811bfa8350
Libertarianism for Beginners,Politics,£51.33,In stock (19 available),a18a4f574854aced
Scott Pilgrim's Precious Little Life (Scott Pilgrim #1),Sequential Art,£52.29,In stock (19 available),3b1c02bac2a429e6
Mesaerion: The Best Science Fiction Stories 1800-1849,Science Fiction,£37.59,In stock (19 available),e30f54cea9b38190
Rip it Up and Start Again,Music,£35.02,In stock (19 available),a34ba96d4081e6a4
America's Cradle of Quarterbacks: Western Pennsylvania's Football Factory from Johnny Unitas to Joe Montana,Default,£22.50,In stock (19 available),c7d160c2c0de586f
Birdsong: A Story in Pictures,Childrens,£54.64,In stock (19 available),9528d0948525bf5f
Black Dust,Romance,£34.53,In stock (19 available),00bfed9e18bb36f3
"Foolproof Preserving: A Guide to Small Batch Jams, Jellies, Pickles, Condiments, and More: A Foolproof Guide to Making Small Batch Jams, Jellies, Pickles, Condiments, and More",Food and Drink,£30.52,In stock (19 available),5674a18a29a43ced
Chase Me (Paris Nights #2),Romance,£25.27,In stock (19 available),c2e46a2ee3b4a322
In Her Wake,Thriller,£12.84,In stock (19 available),23356462d1320d61
How Music Works,Music,£37.32,In stock (19 available),327f68a59745c102
The Bear and the Piano,Childrens,£36.89,In stock (18 available),9f6568e9c95f60b0
The Elephant Tree,Thriller,£23.82,In stock (18 available),5dada2b7be26bd03
The Four Agreements: A Practical Guide to Personal Freedom,Spirituality,£17.66,In stock (18 available),6258a1f6a6dcfe50
Sophie's World,Philosophy,£15.94,In stock (18 available),6be3beb0793a53e7
The Five Love Languages: How to Express Heartfelt Commitment to Your Mate,Nonfiction,£31.05,In stock (18 available),3c039985229453bf
You can't bury them all: Poems,Poetry,£33.63,In stock (17 available),55f9da0c5eea2e10
Behind Closed Doors,Thriller,£52.22,In stock (18 available),be5cc846f45496fb
"In a Dark, Dark Wood",Mystery,£19.63,In stock (18 available),19ed25f4641d5efd
Maude (1883-1993):She Grew Up with the country,Default,£18.02,In stock (18 available),094b269567e1c300
Penny Maybe,Default,£33.29,In stock (18 available),668fe56b17cfcd4f
Wall and Piece,Art,£44.18,In stock (18 available),ccd9ffa25efabdea
Worlds Elsewhere: Journeys Around Shakespeare’s Globe,Nonfiction,£40.30,In stock (18 available),4c28def39d850cdf
Aladdin and His Wonderful Lamp,Default,£53.13,In stock (19 available),904208d6aa64b655
Slow States of Collapse: Poems,Poetry,£57.31,In stock (17 available),b4fd5943413e089a
"Unseen City: The Majesty of Pigeons, the Discreet Charm of Snails & Other Wonders of the Urban Wilderness",Nonfiction,£44.18,In stock (16 available),d170b5a0da46380e
Untitled Collection: Sabbath Poems 2014,Poetry,£14.27,In stock (16 available),657fe5ead67a7767
"We Love You, Charlie Freeman",Fiction,£50.27,In stock (16 available),8d455c7539795d2a
Without Borders (Wanderlove #1),New Adult,£45.07,In stock (16 available),acddfeab2a407640
When We Collided,Contemporary,£31.77,In stock (16 available),3ecb690d1542c568
#HigherSelfie: Wake Up Your Life. Free Your Soul. Find Your Tribe.,Nonfiction,£23.11,In stock (17 available),c27f6e1f185b0383
The Torch Is Passed: A Harding Family Story,Add a comment,£19.09,In stock (16 available),4eed62cf5f8d8edf
This One Summer,Sequential Art,£19.49,In stock (16 available),51653ef291ab7ddc
Thirst,Fiction,£17.27,In stock (16 available),709822d0b5bcb7f4
The Past Never Ends,Mystery,£56.50,In stock (16 available),5ee94540d0749ea0
The Natural History of Us (The Fine Art of Pretending #2),Young Adult,£45.22,In stock (16 available),cedf82b5086e4691
"The Pioneer Woman Cooks: Dinnertime: Comfort Classics, Freezer Food, 16-Minute Meals, and Other Delicious Ways to Solve Supper!",Food and Drink,£56.41,In stock (16 available),142d767a56a9254d
Tsubasa: WoRLD CHRoNiCLE 2 (Tsubasa WoRLD CHRoNiCLE #2),Sequential Art,£16.28,In stock (16 available),09555be379ad9253
Unicorn Tracks,Fantasy,£18.78,In stock (16 available),7ae099f3898e0209
"Unbound: How Eight Technologies Made Us Human, Transformed Society, and Brought Our World to the Brink",History,£25.52,In stock (16 available),9a9d6e9bc555731e
The Secret of Dreadwillow Carse,Childrens,£56.13,In stock (16 available),b5ea0b5dabed25a8
Throwing Rocks at the Google Bus: How Growth Became the Enemy of Prosperity,Nonfiction,£31.12,In stock (16 available),7858914fad68493c
Private Paris (Private #10),Fiction,£47.61,In stock (17 available),b12b89017878a60d
Reasons to Stay Alive,Nonfiction,£26.41,In stock (17 available),c8f7f0cb1abb9cac
The Most Perfect Thing: Inside (and Outside) a Bird's Egg,Science,£42.96,In stock (16 available),aadee1c326d286e3
The Murder That Never Was (Forensic Instincts #5),Fiction,£54.11,In stock (16 available),d01ac97e2b8947c2
The Nameless City (The Nameless City #1),Sequential Art,£38.16,In stock (16 available),7d385d34d12e60ff
The Gutsy Girl: Escapades for Your Life of Epic Adventure,Nonfiction,£37.13,In stock (16 available),acd86a5426e21ca0
"The Inefficiency Assassin: Time Management Tactics for Working Smarter, Not Longer",Default,£20.59,In stock (16 available),8c9e6bf2467d740d
Reskilling America: Learning to Labor in the Twenty-First Century,Nonfiction,£19.83,In stock (16 available),d7310206583a54b6
"Rat Queens, Vol. 3: Demons (Rat Queens (Collected Editions) #11-15)",Sequential Art,£50.40,In stock (16 available),c82a3e358c773c73
"Saga, Volume 5 (Saga (Collected Editions) #5)",Sequential Art,£51.04,In stock (16 available),53a3d11bb568cc8b
"Saga, Volume 6 (Saga (Collected Editions) #6)",Fantasy,£25.02,In stock (16 available),c849f0b2f5d6a742
Soul Reader,Default,£39.58,In stock (16 available),e6af5bf1163c1151
Security,Horror,£39.25,In stock (16 available),6f78a0d744c35456
Spark Joy: An Illustrated Master Class on the Art of Organizing and Tidying Up,Nonfiction,£41.83,In stock (16 available),87b0615b6e1f4d7b
The Activist's Tao Te Ching: Ancient Advice for a Modern Revolution,Spirituality,£32.24,In stock (16 available),7d6d2a6c0276f81b
The Age of Genius: The Seventeenth Century and the Birth of the Modern Mind,History,£19.73,In stock (16 available),a3d2a4250807f1e9
The Art Forger,Add a comment,£40.76,In stock (16 available),80cfab6bcff3a244
"The Bulletproof Diet: Lose up to a Pound a Day, Reclaim Energy and Focus, Upgrade Your Life",Health,£49.05,In stock (16 available),43c6a960757cf559
The Death of Humanity: and the Case for Life,Philosophy,£58.11,In stock (16 available),bd261725b99f5983
The Electric Pencil: Drawings from Inside State Hospital No. 3,Nonfiction,£56.06,In stock (16 available),a30b270e25489e5c
The Life-Changing Magic of Tidying Up: The Japanese Art of Decluttering and Organizing,Nonfiction,£16.77,In stock (16 available),0da9aa9d24677fc0
On a Midnight Clear,Add a comment,£14.07,In stock (16 available),b757c0c361e689ce
"Princess Jellyfish 2-in-1 Omnibus, Vol. 01 (Princess Jellyfish 2-in-1 Omnibus #1)",Sequential Art,£13.61,In stock (16 available),0fa6dceead7ce47a
"The Mindfulness and Acceptance Workbook for Anxiety: A Guide to Breaking Free from Anxiety, Phobias, and Worry Using Acceptance and Commitment Therapy",Add a comment,£23.89,In stock (16 available),31075275518532d7
Online Marketing for Busy Authors: A Step-By-Step Guide,Self Help,£46.35,In stock (16 available),9ffa38d3b832433a
"Lumberjanes, Vol. 1: Beware the Kitten Holy (Lumberjanes #1-4)",Sequential Art,£45.61,In stock (16 available),b6ee99bcf06fc91f
Judo: Seven Steps to Black Belt (an Introductory Guide for Beginners),Add a comment,£53.90,In stock (16 available),228f74b74f3a08ae
"Layered: Baking, Building, and Styling Spectacular Cakes",Food and Drink,£40.11,In stock (16 available),7b75cc7f223791f4
Lumberjanes Vol. 3: A Terrible Plan (Lumberjanes #9-12),Sequential Art,£19.92,In stock (16 available),57e5a4d515c8ce44
In the Country We Love: My Family Divided,Nonfiction,£22.00,In stock (16 available),b136b1b180ca753a
"Lumberjanes, Vol. 2: Friendship to the Max (Lumberjanes #5-8)",Sequential Art,£46.91,In stock (16 available),460089f796fb3f82
Join,Science Fiction,£35.67,In stock (16 available),18ad3ed896c7ce05
"Mama Tried: Traditional Italian Cooking for the Screwed, Crude, Vegan, and Tattooed",Food and Drink,£14.02,In stock (16 available),72f9d5be3472d34e
Masks and Shadows,Fantasy,£56.40,In stock (16 available),fa9610a50a1bf149
My Paris Kitchen: Recipes and Stories,Food and Drink,£33.37,In stock (16 available),784bc2279baa878d
Obsidian (Lux #1),Young Adult,£14.86,In stock (16 available),3c346ab1e76ae1f6
orange: The Complete Collection 1 (orange: The Complete Collection #1),Sequential Art,£48.41,In stock (16 available),11809b1d323b3057
"Outcast, Vol. 1: A Darkness Surrounds Him (Outcast #1)",Sequential Art,£15.44,In stock (16 available),889139b8e9c4cb36
Patience,Sequential Art,£10.16,In stock (16 available),9429b4d59c537af5
"Political Suicide: Missteps, Peccadilloes, Bad Calls, Backroom Hijinx, Sordid Pasts, Rotten Breaks, and Just Plain Dumb Mistakes in the Annals of American Politics",History,£36.28,In stock (16 available),7392c0032f92d816
"Pop Gun War, Volume 1: Gift",Sequential Art,£18.97,In stock (16 available),e80f8e518b300dfe
Princess Between Worlds (Wide-Awake Princess #5),Fantasy,£13.34,In stock (16 available),0e691eda369f4e09
"Don't Be a Jerk: And Other Practical Advice from Dogen, Japan's Greatest Zen Master",Religion,£37.97,In stock (16 available),fce19f9b4a943f22
Everydata: The Misinformation Hidden in the Little Data You Consume Every Day,Nonfiction,£54.35,In stock (16 available),311c0dd0e354a33e
Call the Nurse: True Stories of a Country Nurse on a Scottish Isle,Nonfiction,£29.14,In stock (16 available),bee3672891cca906
"Bitch Planet, Vol. 1: Extraordinary Machine (Bitch Planet (Collected Editions))",Sequential Art,£37.92,In stock (16 available),bdf415fd484ea8a7
"Avatar: The Last Airbender: Smoke and Shadow, Part 3 (Smoke and Shadow #3)",Fantasy,£28.09,In stock (16 available),6d5300b2d8f37e07
Bossypants,Default,£49.46,In stock (16 available),74baabfc8fd84b38
Burning,Young Adult,£28.81,In stock (16 available),5ceb951f629700a2
Camp Midnight,Sequential Art,£17.08,In stock (16 available),7b599c8bfcdd8d30
"Codename Baboushka, Volume 1: The Conclave of Death",Sequential Art,£36.72,In stock (16 available),8754c83ab2a7ae71
Crown of Midnight (Throne of Glass #2),Fantasy,£43.29,In stock (16 available),7267864328ae8b9d
Danganronpa Volume 1,Sequential Art,£51.99,In stock (16 available),09b6cc87e62c2c58
First and First (Five Boroughs #3),Romance,£15.97,In stock (16 available),9e28048cea8d41f7
Fifty Shades Darker (Fifty Shades #2),Romance,£21.96,In stock (16 available),7add3f8e49ec0826
Forever and Forever: The Courtship of Henry Longfellow and Fanny Appleton,Historical Fiction,£29.69,In stock (16 available),9beb96a2300109d7
"Giant Days, Vol. 2 (Giant Days #5-8)",Sequential Art,£22.11,In stock (16 available),f2df3bb043a8abb0
Her Backup Boyfriend (The Sorensen Family #1),Romance,£33.97,In stock (16 available),2a97cffe61c3c4c7
How to Be Miserable: 40 Strategies You Already Use,Self Help,£46.03,In stock (16 available),a6f99b9e687f9d46
I am a Hero Omnibus Volume 1,Sequential Art,£54.63,In stock (16 available),1c89ae5bb804e4de
"I Hate Fairyland, Vol. 1: Madly Ever After (I Hate Fairyland (Compilations) #1-5)",Sequential Art,£29.17,In stock (16 available),8d4eefad7a2b3915
Immunity: How Elie Metchnikoff Changed the Course of Modern Medicine,Science,£57.36,In stock (16 available),e4f74c16de34d440
A World of Flavor: Your Gluten Free Passport,Default,£42.95,In stock (16 available),70ed59f194b3c556
Algorithms to Live By: The Computer Science of Human Decisions,Nonfiction,£30.81,In stock (16 available),38d45839cb1c83c1
(Un)Qualified: How God Uses Broken People to Do Big Things,Christian,£54.00,In stock (16 available),e4ac92d89b946781
A Murder in Time,Mystery,£16.64,In stock (16 available),f733e8c19d40ec2e
A Flight of Arrows (The Pathfinders #2),Historical Fiction,£55.53,In stock (16 available),3a6fb983e2554023
A Court of Thorns and Roses (A Court of Thorns and Roses #1),Fantasy,£52.37,In stock (16 available),01d2001ac1e6f8a3
A Fierce and Subtle Poison,Young Adult,£28.13,In stock (16 available),842790dfaa937484
The Wedding Dress,Romance,£24.12,In stock (15 available),623e1a180426039b
"A Piece of Sky, a Grain of Rice: A Memoir in Four Meditations",Default,£56.76,In stock (16 available),8a380641491d43ed
Thomas Jefferson and the Tripoli Pirates: The Forgotten War That Changed American History,History,£59.64,In stock (15 available),de3f25248ba0789f
Thirteen Reasons Why,Default,£52.72,In stock (15 available),bc2a85fd35fdc7bd
The White Cat and the Monk: A Retelling of the Poem “Pangur Bán”,Childrens,£58.08,In stock (15 available),37c0cb19713d8dda
Throne of Glass (Throne of Glass #1),Fantasy,£35.07,In stock (15 available),590a9cccf7db9f7d
Tracing Numbers on a Train,Default,£41.60,In stock (15 available),d7d6d50c1e3d0b81
Tuesday Nights in 1980,Fiction,£21.04,In stock (15 available),b8736690cf263a3c
The Stranger,Philosophy,£17.44,In stock (15 available),f5a92cff83897d48
The Third Wave: An Entrepreneur’s Vision of the Future,Business,£12.61,In stock (15 available),3bebf34ee9330cbd
The Vacationers,Fiction,£42.15,In stock (15 available),fd3a622648667296
You Are What You Love: The Spiritual Power of Habit,Religion,£21.87,In stock (15 available),796c87ddbbaaf8c5
"William Shakespeare's Star Wars: Verily, A New Hope (William Shakespeare's Star Wars #4)",Science Fiction,£43.30,In stock (15 available),9270575728a13a61
The Omnivore's Dilemma: A Natural History of Four Meals,Nonfiction,£38.21,In stock (15 available),209adad1015af86f
The Power of Now: A Guide to Spiritual Enlightenment,Nonfiction,£43.54,In stock (15 available),8ec14b1576cb7cb5
The Project,Science Fiction,£10.65,In stock (15 available),790ef197c8f236f5
The Psychopath Test: A Journey Through the Madness Industry,Default,£36.00,In stock (15 available),e98a4efa85070c2f
The Secret (The Secret #1),Default,£27.37,In stock (15 available),961f18db4f138211
The Shadow Hero (The Shadow Hero),Sequential Art,£33.14,In stock (15 available),d6361d16212664ed
The Regional Office Is Under Attack!,Fiction,£51.36,In stock (15 available),0651062381f0636a
The Cookies & Cups Cookbook: 125+ sweet & savory recipes reminding you to Always Eat Dessert First,Food and Drink,£41.25,In stock (15 available),96a38e7c813d8f1d
The House by the Lake,Historical Fiction,£36.95,In stock (15 available),9287e238d7c3b06e
The Kite Runner,Default,£41.82,In stock (15 available),eac1a180047ad54e
The Emerald Mystery,Default,£23.15,In stock (15 available),d6670dfe3e7b42bd
The Girl on the Train,Default,£55.02,In stock (15 available),e956d67c9bcc5809
The Genius of Birds,Nonfiction,£17.24,In stock (15 available),42d0d7c92b75fc1c
The Glittering Court (The Glittering Court #1),Fantasy,£44.28,In stock (15 available),2dbb7ec08cdd7f3c
The Love and Lemons Cookbook: An Apple-to-Zucchini Celebration of Impromptu Cooking,Food and Drink,£37.60,In stock (15 available),e28e330cbdf01126
The Matchmaker's Playbook (Wingmen Inc. #1),New Adult,£55.85,In stock (15 available),08db62f24627e71f
The Long Shadow of Small Ghosts: Murder and Memory in an American City,Crime,£10.97,In stock (15 available),abeafe151a587d3b
The Mistake (Off-Campus #2),New Adult,£43.29,In stock (15 available),99ff4cc6491e8f5c
The Murder of Roger Ackroyd (Hercule Poirot #4),Mystery,£44.10,In stock (15 available),c7b5183f4d1d4efe
The Argonauts,Autobiography,£10.93,In stock (15 available),c99761a700ade23f
The Nerdy Nummies Cookbook: Sweet Treats for the Geek in All of Us,Food and Drink,£37.34,In stock (15 available),e4c7f3487d17fd42
The Artist's Way: A Spiritual Path to Higher Creativity,Nonfiction,£38.49,In stock (15 available),dd047728de72ad62
The Art of War,Default,£33.34,In stock (15 available),e7469e22b5bfb3e7
So You've Been Publicly Shamed,Nonfiction,£12.23,In stock (15 available),1b33663ad7b95fd8
The Bridge to Consciousness: I'm Writing the Bridge Between Science and Our Old and New Beliefs.,Default,£32.00,In stock (15 available),efc3768127714ec3
Night Sky with Exit Wounds,Poetry,£41.05,In stock (15 available),cfeb1e1e0e695b58
"Nightingale, Sing",Young Adult,£38.28,In stock (15 available),50b8f80311b31ede
Mrs. Houdini,Historical Fiction,£30.25,In stock (15 available),a40723994f715420
Poems That Make Grown Women Cry,Poetry,£14.19,In stock (15 available),31001a1210623bd4
Poses for Artists Volume 1 - Dynamic and Sitting Poses: An Essential Reference for Figure Drawing and the Human Form,Default,£41.06,In stock (15 available),d9c643fa1fc57bdb
Redeeming Love,Christian Fiction,£20.47,In stock (15 available),b53db2271c9624f7
Romero and Juliet: A Tragic Tale of Love and Zombies,Default,£36.94,In stock (15 available),e656e280bc8edd56
Scarlett Epstein Hates It Here,Young Adult,£43.55,In stock (15 available),1c929cfd16b71907
Secrets and Lace (Fatal Hearts #1),Default,£20.27,In stock (15 available),ad04ad9fc179fc5d
Shoe Dog: A Memoir by the Creator of NIKE,Business,£23.99,In stock (15 available),0e0dcc3339602b28
"Shobu Samurai, Project Aryoku (#3)",Add a comment,£29.06,In stock (15 available),0c27e6c3744fc14b
Soft Apocalypse,Science Fiction,£26.12,In stock (15 available),2a70769cdc6eb8b8
Something More Than This,Romance,£16.24,In stock (15 available),ca71e72655bece85
Suddenly in Love (Lake Haven #1),Romance,£55.99,In stock (15 available),203b7f94b7d6115f
The 10% Entrepreneur: Live Your Startup Dream Without Quitting Your Day Job,Business,£27.55,In stock (15 available),56e4f9eab2e8e674
Louisa: The Extraordinary Life of Mrs. Adams,Biography,£16.85,In stock (15 available),d69dd8dac66f9f84
Miss Peregrine’s Home for Peculiar Children (Miss Peregrine’s Peculiar Children #1),Default,£10.76,In stock (15 available),af96613fdd793a3c
Modern Romance,Add a comment,£28.26,In stock (15 available),caf4fe9311f1dc59
Full Moon over Noah’s Ark: An Odyssey to Mount Ararat and Beyond,Travel,£49.43,In stock (15 available),ce60436f52c5ee68
"Fables, Vol. 1: Legends in Exile (Fables #1)",Sequential Art,£41.62,In stock (15 available),65d034adf80834b7
Finders Keepers (Bill Hodges Trilogy #2),Fiction,£53.53,In stock (15 available),edb3097e71330040
First Steps for New Christians (Print Edition),Default,£29.00,In stock (15 available),2f88b08bf0a0e367
Follow You Home,Horror,£21.36,In stock (15 available),8585760646e3aa2a
"Deliciously Ella Every Day: Quick and Easy Recipes for Gluten-Free Snacks, Packed Lunches, and Simple Meals",Food and Drink,£42.16,In stock (15 available),46c1530d7546ea6d
Doing It Over (Most Likely To #1),Romance,£35.61,In stock (15 available),3a11bb962ff45b78
Done Rubbed Out (Reightman & Bailey #1),Default,£37.72,In stock (15 available),f6d967cdadc6fbd9
Drive: The Surprising Truth About What Motivates Us,Default,£34.95,In stock (15 available),6ffb36aaeff1c81e
Eureka Trivia 6.0,Default,£54.59,In stock (15 available),29c0025455f8c585
Frostbite (Vampire Academy #2),Young Adult,£29.99,In stock (15 available),116a2fdc9a45bab0
Grumbles,Default,£22.16,In stock (15 available),d163dd6c352fbcd2
I Had a Nice Time And Other Lies...: How to find love & sh*t like that,Womens Fiction,£57.36,In stock (15 available),fd8585283fc7d2d7
Hollow City (Miss Peregrine’s Peculiar Children #2),Fantasy,£42.98,In stock (15 available),4ce91d31c1e57c33
Large Print Heart of the Pride,Default,£19.15,In stock (15 available),c1afd71fc86bf682
Library of Souls (Miss Peregrine’s Peculiar Children #3),Young Adult,£48.56,In stock (15 available),ba54932df84e8cea
Little Red,Childrens,£13.47,In stock (15 available),4aa03792b50f0b22
"Daring Greatly: How the Courage to Be Vulnerable Transforms the Way We Live, Love, Parent, and Lead",Nonfiction,£19.43,In stock (15 available),3b9a3b4624b7fd6d
Dark Notes,Erotica,£19.19,In stock (15 available),88c21fcd38e2486e
Chasing Heaven: What Dying Taught Me About Living,Spirituality,£37.80,In stock (15 available),513271dadc1322ae
Close to You,Christian Fiction,£49.46,In stock (15 available),a57b1dcbd6849222
Zealot: The Life and Times of Jesus of Nazareth,History,£24.70,In stock (14 available),dd5bfa6cc2c0ecc3
Agnostic: A Spirited Manifesto,Nonfiction,£12.51,In stock (15 available),d195e7f4ed697350
Why the Right Went Wrong: Conservatism--From Goldwater to the Tea Party and Beyond,Politics,£52.65,In stock (14 available),2b5054a4192e9b06
Wild Swans,Young Adult,£14.36,In stock (14 available),3fb15ace50d6142b
"Wonder Woman: Earth One, Volume One (Wonder Woman: Earth One #1)",Sequential Art,£37.34,In stock (14 available),047097293bb4d1c0
Amatus,Default,£50.54,In stock (15 available),ffd54178acc9a6a5
You (You #1),Thriller,£43.61,In stock (14 available),024387ca4cafd5cc
Amid the Chaos,Cultural,£36.58,In stock (15 available),bb8245f52c7cce8f
Amy Meets the Saints and Sages,Default,£18.46,In stock (15 available),7ebfa6c1bee69e1e
Anonymous,Default,£46.82,In stock (15 available),d24b829be2ca81c4
Ayumi's Violin,Default,£15.48,In stock (15 available),05f7c6d9a4e582d3
Batman: The Dark Knight Returns (Batman),Sequential Art,£15.38,In stock (15 available),47271d8e08b5d31c
Batman: The Long Halloween (Batman),Sequential Art,£36.50,In stock (15 available),7edc0527cf782e19
Beauty Restored (Riley Family Legacy Novellas #3),Default,£11.11,In stock (15 available),3f69e667a67e54d9
Big Magic: Creative Living Beyond Fear,Nonfiction,£30.80,In stock (15 available),1f329c2e7d7de8bd
Becoming Wise: An Inquiry into the Mystery and Art of Living,Nonfiction,£27.43,In stock (15 available),919e7cb2269a25d2
V for Vendetta (V for Vendetta Complete),Default,£37.10,In stock (14 available),4a1debca3135ff37
Whole Lotta Creativity Going On: 60 Fun and Unusual Exercises to Awaken and Strengthen Your Creativity,Nonfiction,£38.20,In stock (14 available),44a10f1ac8ce822e
Walt Disney's Alice in Wonderland,Childrens,£12.96,In stock (14 available),6a31307a81e8f3a8
The Wright Brothers,Default,£56.80,In stock (14 available),08b2f71d93836313
The White Queen (The Cousins' War #1),Add a comment,£25.91,In stock (14 available),6875c5657661b2fb
The Year of Magical Thinking,Nonfiction,£43.04,In stock (14 available),34c0d7c4ee5650af
This Is Where It Ends,Young Adult,£27.12,In stock (14 available),f0f38174a7e689a3
Through the Woods,Sequential Art,£25.38,In stock (14 available),6e44bcbeac7f4360
The Songs of the Gods,Default,£44.48,In stock (14 available),00c4543ec6bd25b4
The Rosie Project (Don Tillman #1),Default,£54.04,In stock (14 available),012094e90a4b908d
The Star-Touched Queen,Fantasy,£46.02,In stock (14 available),1528279aec1f3dce
The Song of Achilles,Add a comment,£37.40,In stock (14 available),e88fb1c9397cfb27
"Unbroken: A World War II Story of Survival, Resilience, and Redemption",Default,£45.95,In stock (14 available),76c84daa539426e2
The Testament of Mary,Fiction,£52.67,In stock (14 available),081305e6df719dff
The Time Keeper,Fiction,£27.88,In stock (14 available),e9906e2f0d189745
Until Friday Night (The Field Party #1),Young Adult,£46.31,In stock (14 available),aba2db9afb1469c7
The Wedding Pact (The O'Malleys #2),Romance,£32.61,In stock (14 available),c5cb9f885d8b3621
Twenty Yawns,Childrens,£22.08,In stock (14 available),1d6443ffba9dfd80
"We Are Robin, Vol. 1: The Vigilante Business (We Are Robin #1)",Sequential Art,£53.90,In stock (14 available),92275cedf6d8ee15
What's It Like in Space?: Stories from Astronauts Who've Been There,Nonfiction,£19.60,In stock (14 available),6fd646a334e6e133
The 14th Colony (Cotton Malone #11),Thriller,£39.24,In stock (14 available),1b8187fa4bf6ab05
The Bane Chronicles (The Bane Chronicles #1-11),Fantasy,£44.73,In stock (14 available),dc6f688b82e42a5b
The Dovekeepers,Add a comment,£48.78,In stock (14 available),3d76bc83c6b644c9
The Bad-Ass Librarians of Timbuktu: And Their Race to Save the World’s Most Precious Manuscripts,Nonfiction,£15.77,In stock (14 available),923831a05c9f91f7
That Darkness (Gardiner and Renner #1),Mystery,£13.92,In stock (14 available),0c7b9cf2b7662b65
The Darkest Lie,Young Adult,£35.35,In stock (14 available),6edacfd1f8ebb9eb
Tastes Like Fear (DI Marnie Rome #3),Mystery,£10.69,In stock (14 available),2d1e337aaf341858
Take Me with You,Fiction,£45.21,In stock (14 available),2c04320e110a14a3
The First Hostage (J.B. Collins #2),Fiction,£25.85,In stock (14 available),a86972014275e072
The Guilty (Will Robie #4),Thriller,£13.82,In stock (14 available),847935fc68707426
The Help Yourself Cookbook for Kids: 60 Easy Plant-Based Recipes Kids Can Make to Stay Healthy and Save the Earth,Food and Drink,£28.77,In stock (14 available),ddc8340dabc8641b
The Last Mile (Amos Decker #2),Mystery,£54.21,In stock (14 available),3bc89353f7e3a3cc
The Immortal Life of Henrietta Lacks,Add a comment,£40.67,In stock (14 available),f72f61ad6a5f12ed
The Hidden Oracle (The Trials of Apollo #1),Fantasy,£52.26,In stock (14 available),992974ba6a0536ea
The Literature Book (Big Ideas Simply Explained),Nonfiction,£17.43,In stock (14 available),4881cc53f6c8892f
The Loney,Horror,£23.40,In stock (14 available),2d88a31f325dfd3b
The Long Haul (Diary of a Wimpy Kid #9),Humor,£44.07,In stock (14 available),f21effc079a2b38a
The Lucifer Effect: Understanding How Good People Turn Evil,Psychology,£10.40,In stock (14 available),4e812d32d64e2431
The Marriage of Opposites,Historical Fiction,£28.08,In stock (14 available),52cf2a5933ec5d8f
The Power of Habit: Why We Do What We Do in Life and Business,Default,£16.88,In stock (14 available),6bdd909329435e80
Still Life with Bread Crumbs,Fiction,£26.41,In stock (14 available),fe44cc816576c652
Swell: A Year of Waves,Nonfiction,£45.58,In stock (14 available),4c8b7540409da4ac
Superman Vol. 1: Before Truth (Superman by Gene Luen Yang #1),Sequential Art,£11.89,In stock (14 available),ac8e3949d284e9a9
Someone Like You (The Harrisons #2),Contemporary,£52.79,In stock (14 available),a278db6b2b09cf9f
Steve Jobs,Default,£39.50,In stock (14 available),95019eac1c0a052f
Sorting the Beef from the Bull: The Science of Food Fraud Forensics,Science,£44.74,In stock (14 available),3edcccc4f341fb1a
Shtum,Fiction,£55.84,In stock (14 available),830fb3967c74866d
"So Cute It Hurts!!, Vol. 6 (So Cute It Hurts!! #6)",Sequential Art,£35.43,In stock (14 available),394f6d30cafc3edb
Rain Fish,Childrens,£23.57,In stock (14 available),a6454e329f872b78
"Red Hood/Arsenal, Vol. 1: Open for Business (Red Hood/Arsenal #1)",Sequential Art,£25.48,In stock (14 available),31e2e2d9cca3778f
salt.,Poetry,£46.78,In stock (14 available),86cbddb61ea78bb7
Robin War,Sequential Art,£47.82,In stock (14 available),85b2176b3b194030
See America: A Celebration of Our National Parks & Treasured Sites,Travel,£48.87,In stock (14 available),f9705c362f070608
Old School (Diary of a Wimpy Kid #10),Humor,£11.83,In stock (14 available),02b74068fa98d8a4
Once Was a Time,Childrens,£18.28,In stock (14 available),e34efcc824685332
"Naruto (3-in-1 Edition), Vol. 14: Includes Vols. 40, 41 & 42 (Naruto: Omnibus #14)",Sequential Art,£38.39,In stock (14 available),71e36f33981ddb74
No Dream Is Too High: Life Lessons From a Man Who Walked on the Moon,Nonfiction,£21.95,In stock (14 available),132ec5e8c984adef
Pet Sematary,Horror,£10.56,In stock (14 available),af58a74e4b2a23a0
"Overload: How to Unplug, Unwind, and Unleash Yourself from the Pressure of Stress",Self Help,£52.15,In stock (14 available),8ecf0356a3878811
"Quarter Life Poetry: Poems for the Young, Broke and Hangry",Poetry,£50.89,In stock (14 available),aa35446aab16017f
My Mrs. Brown,Fiction,£24.48,In stock (14 available),cc82685d9f49bc2c
My Kind of Crazy,Young Adult,£40.36,In stock (14 available),137b0b2775701e11
My Name Is Lucy Barton,Fiction,£41.56,In stock (14 available),727bf2b86b19ad88
Made to Stick: Why Some Ideas Survive and Others Die,Business,£38.85,In stock (14 available),b96fc7a0ea7d4b45
More Than Music (Chasing the Dream #1),Add a comment,£37.61,In stock (14 available),47d47155e89c8be7
Love Is a Mix Tape (Music #1),Music,£18.03,In stock (14 available),adb5f51c2e2ab13f
Mr. Mercedes (Bill Hodges Trilogy #1),Fiction,£28.90,In stock (14 available),caa2e5b3fb1b2d4c
Lowriders to the Center of the Earth (Lowriders in Space #2),Sequential Art,£51.51,In stock (14 available),a10c7515834240f3
Luckiest Girl Alive,Default,£49.83,In stock (14 available),d512871626a5e588
Let It Out: A Journey Through Journaling,Nonfiction,£26.79,In stock (14 available),1174156c4a0eccaa
"Living Leadership by Insight: A Good Leader Achieves, a Great Leader Builds Monuments",Default,£46.91,In stock (14 available),17fb5a88180f9904
Island of Dragons (Unwanteds #7),Fantasy,£29.65,In stock (14 available),2b52334fab158861
"It's All Easy: Healthy, Delicious Weeknight Meals in under 30 Minutes",Food and Drink,£19.55,In stock (14 available),245e6bf08b8d2955
I Am Pilgrim (Pilgrim #1),Fiction,£10.60,In stock (14 available),aeff7b87a8e83ebb
I Know What I'm Doing -- and Other Lies I Tell Myself: Dispatches from a Life Under Construction,Humor,£25.98,In stock (14 available),b8a8ff84233f0570
"Hush, Hush (Hush, Hush #1)",Default,£47.02,In stock (14 available),6b6cd77fbc91b7a6
"Hyperbole and a Half: Unfortunate Situations, Flawed Coping Mechanisms, Mayhem, and Other Things That Happened",Humor,£14.75,In stock (14 available),fbb21a2f71f4d981
Lady Midnight (The Dark Artifices #1),Default,£16.28,In stock (14 available),708345c9897fd7c5
Looking for Lovely: Collecting the Moments that Matter,Nonfiction,£29.14,In stock (14 available),24af96df0bafb925
Luis Paints the World,Childrens,£53.95,In stock (14 available),5b43cae640f2338a
Greek Mythic History,Default,£10.23,In stock (14 available),f201f263d8c23f97
Hamilton: The Revolution,Nonfiction,£58.79,In stock (14 available),afa829857f82f99e
Hold Your Breath (Search and Rescue #1),Romance,£28.82,In stock (14 available),0b165bd4b9f42fd5
"Far & Away: Places on the Brink of Change: Seven Continents, Twenty-Five Years",Nonfiction,£15.06,In stock (14 available),ac4dde0d1be05de0
Feathers: Displays of Brilliant Plumage,Art,£49.05,In stock (14 available),9194ae88379dbf1a
"Eat Fat, Get Thin",Health,£54.07,In stock (14 available),047dfa57ba0bf638
Demigods & Magicians: Percy and Annabeth Meet the Kanes (Percy Jackson & Kane Chronicles Crossover #1-3),Fantasy,£37.51,In stock (14 available),3c6fe637a0180b01
Doctor Sleep (The Shining #2),Horror,£40.12,In stock (14 available),bf5de316a5e9a4ab
Don't Get Caught,Young Adult,£55.35,In stock (14 available),ad2887ce04583910
"Eaternity: More than 150 Deliciously Easy Vegan Recipes for a Long, Healthy, Satisfied, Joyful Life",Nonfiction,£51.75,In stock (14 available),a01f6d368ef64dc5
Crazy Love: Overwhelmed by a Relentless God,Christian,£47.72,In stock (14 available),4b9d9cfe0f435788
Daily Fantasy Sports,Default,£36.58,In stock (14 available),0e94a089328be4bc
Cometh the Hour (The Clifton Chronicles #6),Fiction,£25.01,In stock (14 available),28cf0d1c51b491e5
Dear Mr. Knightley,Fiction,£11.21,In stock (14 available),94a958ea126cdcd5
Eight Hundred Grapes,Fiction,£14.39,In stock (14 available),1d6dd0c87d90fe92
El Deafo,Sequential Art,£57.62,In stock (14 available),27c5968fe43cc06e
Eligible (The Austen Project #4),Fiction,£27.09,In stock (14 available),9eaf58b03a2779cc
Every Last Word,Default,£46.47,In stock (14 available),a2bd4ca82d908442
Glory over Everything: Beyond The Kitchen House,Historical Fiction,£45.84,In stock (14 available),de4b403cb629a29f
God: The Most Unpleasant Character in All Fiction,Religion,£30.03,In stock (14 available),eec424a84c9e4c68
Code Name Verity (Code Name Verity #1),Add a comment,£22.13,In stock (14 available),33a3e0e3ffde0dcd
City of Ashes (The Mortal Instruments #2),Default,£47.27,In stock (14 available),8a6ec2761f91dad2
City of Bones (The Mortal Instruments #1),Default,£43.28,In stock (14 available),5b987e54ee72525c
City of Fallen Angels (The Mortal Instruments #4),Default,£11.23,In stock (14 available),1e264c677d4ee4ae
City of Glass (The Mortal Instruments #3),Fantasy,£56.02,In stock (14 available),966ebb738e0f9d9b
"Carry On, Warrior: Thoughts on Life Unarmed",Default,£31.85,In stock (14 available),1b0fc9f777cad045
Catching Jordan (Hundred Oaks),Young Adult,£50.83,In stock (14 available),e2e7b683b4c15b7d
Aristotle and Dante Discover the Secrets of the Universe (Aristotle and Dante Discover the Secrets of the Universe #1),Young Adult,£58.14,In stock (14 available),41164b8ac02a2c42
Art Ops Vol. 1,Sequential Art,£48.80,In stock (14 available),ffdc825785c0ede8
Angels & Demons (Robert Langdon #1),Default,£51.48,In stock (14 available),ad41c24ccac0c7ce
Angels Walking (Angels Walking #1),Add a comment,£34.20,In stock (14 available),1fbb5f786e53a0ce
Balloon Animals,Fiction,£17.03,In stock (14 available),9b65f676984c9f0c
Barefoot Contessa at Home: Everyday Recipes You'll Make Over and Over Again,Food and Drink,£50.62,In stock (14 available),0e0da9192a025efc
Barefoot Contessa Back to Basics,Food and Drink,£28.01,In stock (14 available),999912e63a3262ae
Batman: Europa,Sequential Art,£32.01,In stock (14 available),bf68dcb5fad3cc8c
Brain on Fire: My Month of Madness,Nonfiction,£49.32,In stock (14 available),a80f66b254fe9eb3
Buying In: The Secret Dialogue Between What We Buy and Who We Are,Nonfiction,£37.80,In stock (14 available),16ef91b9d827859c
Carrie,Default,£46.23,In stock (14 available),5f22418922fa728b
Cell,Add a comment,£20.29,In stock (14 available),bfbb54bc8cdeed2b
Clockwork Angel (The Infernal Devices #1),Default,£44.14,In stock (14 available),42b0c50fc44140ec
All the Light We Cannot See,Historical,£29.87,In stock (14 available),39861fc1c0845d15
A Time of Torment (Charlie Parker #14),Mystery,£48.35,In stock (14 available),4416c474713ec1f5
A Brush of Wings (Angels Walking #3),Add a comment,£55.51,In stock (14 available),01a177623cce9596
Searching for Meaning in Gailana,Fantasy,£38.73,In stock (13 available),2f0213137a80d485
13 Hours: The Inside Account of What Really Happened In Benghazi,Nonfiction,£27.06,In stock (13 available),4be9d1910f8a4e80
My Kitchen Year: 136 Recipes That Saved My Life,Food and Drink,£11.53,In stock (13 available),8bbd7df8a324f31d
Rook,Add a comment,£37.86,In stock (13 available),44d97b6707dae3f0
The Silent Sister (Riley MacPherson #1),Fiction,£46.29,In stock (12 available),ce1ae197ada2aec4
The Star-Touched Queen,Fantasy,£32.30,In stock (12 available),4a7a25be293ad678
Tipping Point for Planet Earth: How Close Are We to the Edge?,Science,£37.55,In stock (12 available),148715df5a02ea5e
Will You Won't You Want Me?,Womens Fiction,£13.86,In stock (12 available),077b635ff2afc578
"The Three Searches, Meaning, and the Story",Default,£13.33,In stock (13 available),ac5e0d3938caf686
1491: New Revelations of the Americas Before Columbus,History,£21.80,In stock (14 available),6e8e5626ac4d279e
A Distant Mirror: The Calamitous 14th Century,History,£14.58,In stock (14 available),d5e0526e1ab682a3
A Man Called Ove,Fiction,£39.72,In stock (14 available),8682c03de6a844ff
A People's History of the United States,Add a comment,£40.79,In stock (14 available),1ad06aed9349af46
"A Series of Catastrophes and Miracles: A True Story of Love, Science, and Cancer",Add a comment,£56.48,In stock (14 available),c1379d3744f1dd2c
Abstract City,Nonfiction,£56.37,In stock (14 available),cf1aa2fc02a7d1e0
A Study in Scarlet (Sherlock Holmes #1),Mystery,£16.73,In stock (14 available),63ee5bc46066a8a8
"Adulthood Is a Myth: A ""Sarah's Scribbles"" Collection",Sequential Art,£10.90,In stock (14 available),5319169a72714c62
The Midnight Watch: A Novel of the Titanic and the Californian,Add a comment,£26.20,In stock (12 available),14e44163678e24dc
The Epidemic (The Program 0.6),Young Adult,£14.44,In stock (12 available),f732d7d18a91d2ba
The Golden Condom: And Other Essays on Love Lost and Found,Psychology,£39.43,In stock (12 available),235fa48eeed11d82
The Gray Rhino: How to Recognize and Act on the Obvious Dangers We Ignore,Add a comment,£59.15,In stock (12 available),3063c7e95d0bf76f
The Children,Add a comment,£11.88,In stock (12 available),64fd010bf8d15096
The Diary of a Young Girl,Nonfiction,£59.90,In stock (12 available),54fc03f1e1d355db
No Love Allowed (Dodge Cove #1),Young Adult,£54.65,In stock (12 available),db84624b151cbe06
How to Speak Golf: An Illustrated Guide to Links Lingo,Default,£58.32,In stock (12 available),b978c9852cde91bd
"Love, Lies and Spies",Historical Fiction,£20.55,In stock (12 available),9546d537fbf99eb6
Most Wanted,Mystery,£35.28,In stock (12 available),c039f5aceb093537
Murder at the 42nd Street Library (Raymond Ambler #1),Mystery,£54.36,In stock (12 available),e7fe3bf2768602cf
One with You (Crossfire #5),Add a comment,£15.71,In stock (12 available),81ef44fcc5f454df
Poisonous (Max Revere Novels #3),Mystery,£26.80,In stock (12 available),abdd91e96515a617
Psycho: Sanitarium (Psycho #1.5),Horror,£36.97,In stock (12 available),b8d7b3f5c7a95d65
Quench Your Own Thirst: Business Lessons Learned Over a Beer or Two,Business,£43.14,In stock (12 available),8976d9161c027142
Raspberry Pi Electronics Projects for the Evil Genius,Default,£49.67,In stock (12 available),ebf81a62e4798fd1
Snatched: How A Drug Queen Went Undercover for the DEA and Was Kidnapped By Colombian Guerillas,Nonfiction,£21.21,In stock (12 available),f40fea200e0c644f
Stars Above (The Lunar Chronicles #4.5),Young Adult,£48.05,In stock (12 available),b63ea3f7a57ae099
The Dinner Party,Fiction,£56.54,In stock (12 available),c6ca293d4810e0d5
The Lonely City: Adventures in the Art of Being Alone,Nonfiction,£33.26,In stock (12 available),582a21a1dbbef3cf
Equal Is Unfair: America's Misguided Fight Against Income Inequality,Politics,£56.86,In stock (12 available),3968e3fbf4695d7c
Everyday Italian: 125 Simple and Delicious Recipes,Food and Drink,£20.10,In stock (12 available),76319fe9d8b465a3
Furiously Happy: A Funny Book About Horrible Things,Nonfiction,£41.46,In stock (12 available),c6a29d6df8de968c
"The Sleep Revolution: Transforming Your Life, One Night at a Time",Nonfiction,£11.68,In stock (11 available),985991708c47003e
Take Me Home Tonight (Rock Star Romance #3),Romance,£53.98,In stock (11 available),cf62fa272b5f0fa3
The Art of Startup Fundraising,Business,£21.00,In stock (11 available),1c584f82a7a1c4f0
"Setting the World on Fire: The Brief, Astonishing Life of St. Catherine of Siena",Biography,£21.15,In stock (11 available),b06599b108e83f98
Sleeping Giants (Themis Files #1),Science Fiction,£48.74,In stock (11 available),f435aa99d864077d
Off the Hook (Fishing for Trouble #1),Romance,£47.67,In stock (11 available),b783ce08802cd1d1
Playing with Fire,Mystery,£13.71,In stock (11 available),05a61a3bd8ca4149
The Improbability of Love,Fiction,£59.45,In stock (11 available),437d8dea9272d0a9
The Widow,Mystery,£27.26,In stock (11 available),6159d8b187831770
Troublemaker: Surviving Hollywood and Scientology,Default,£48.39,In stock (11 available),515cb8fcafb1ad98
"A la Mode: 120 Recipes in 60 Pairings: Pies, Tarts, Cakes, Crisps, and More Topped with Ice Cream, Gelato, Frozen Custard, and More",Food and Drink,£38.77,In stock (12 available),a4eef523118805ef
A Paris Apartment,Historical Fiction,£39.01,In stock (12 available),63343e287971bb0c
Boar Island (Anna Pigeon #19),Mystery,£59.48,In stock (12 available),49b24c6a41b82bd2
Can You Keep a Secret? (Fear Street Relaunch #4),Horror,£48.64,In stock (12 available),d069086944f2e330
Dirty (Dive Bar #1),Romance,£40.83,In stock (12 available),df7e628bad5782b4
Eleanor & Park,Default,£56.51,In stock (12 available),6983328f15506cb9
Hide Away (Eve Duncan #20),Mystery,£11.84,In stock (12 available),bddc6fd036eb6279
Mothering Sunday,Fiction,£13.34,In stock (11 available),47e1b2d43f709995
M Train,Autobiography,£27.18,In stock (11 available),5569c3fea112718e
Lilac Girls,Historical Fiction,£17.28,In stock (11 available),bade9943ee01b63f
"Mother, Can You Not?",Nonfiction,£16.89,In stock (11 available),28b2df9fadc9f07e
Keep Me Posted,Womens Fiction,£20.46,In stock (11 available),20dc4f1ac5d4fd9c
Lab Girl,Autobiography,£40.85,In stock (11 available),825d6c44da3ca5a6
It Didn't Start with You: How Inherited Family Trauma Shapes Who We Are and How to End the Cycle,Psychology,£56.27,In stock (11 available),ce8666d9b42fc9a0
Lies and Other Acts of Love,Fiction,£45.14,In stock (11 available),469508882dfc1991
Cravings: Recipes for What You Want to Eat,Food and Drink,£20.50,In stock (11 available),2587c54f5530dafc
Daredevils,Fiction,£16.34,In stock (11 available),f608c903c451f387
"Exit, Pursued by a Bear",Young Adult,£51.34,In stock (11 available),c65c25d990fc7025
Grey (Fifty Shades #4),Womens Fiction,£48.49,In stock (11 available),b5953ca1f8a0b8d7
A Gentleman's Position (Society of Gentlemen #3),Romance,£14.75,In stock (11 available),40c4bf520c17de54
A Mother's Reckoning: Living in the Aftermath of Tragedy,Nonfiction,£19.53,In stock (11 available),2b69dec0193511d9
Adultery,Default,£20.88,In stock (11 available),bb967277222e689c
10-Day Green Smoothie Cleanse: Lose Up to 15 Pounds in 10 Days!,Health,£49.71,In stock (10 available),96aa539bfd4c07e2
"10% Happier: How I Tamed the Voice in My Head, Reduced Stress Without Losing My Edge, and Found Self-Help That Actually Works",Nonfiction,£24.57,In stock (10 available),34669b2e9d407d3a
11/22/63,Fiction,£48.48,In stock (11 available),a9d7b75461084a26
Born for This: How to Find the Work You Were Meant to Do,Business,£21.59,In stock (11 available),816180220e8cb419
Arena,Science Fiction,£21.36,In stock (11 available),2c34f9432069b52b
Without Shame,Add a comment,£48.27,In stock (9 available),ab60e6f5a63e1cfb
The Flowers Lied,Default,£16.68,In stock (9 available),33396269bcce166f
The New Brand You: Your New Image Makes the Sale for You,Default,£44.05,In stock (9 available),4b50fb1359ebf35d
The Shack,Fiction,£28.03,In stock (9 available),903a9f8090104c2c
Underlying Notes,Default,£11.82,In stock (9 available),0967effecd292a86
Unlimited Intuition Now,Default,£58.87,In stock (9 available),4fd0a2a350f016e6
Watchmen,Add a comment,£58.05,In stock (9 available),d1848064c54e01c7
"The Moosewood Cookbook: Recipes from Moosewood Restaurant, Ithaca, New York",Food and Drink,£12.34,In stock (9 available),65cfc9f242c2984a
Suzie Snowflake: One beautiful flake (a self-esteem story),Novels,£54.81,In stock (9 available),0e095ed785af7e43
"Fruits Basket, Vol. 9 (Fruits Basket #9)",Sequential Art,£33.95,In stock (9 available),97187f5cf0385da3
Dress Your Family in Corduroy and Denim,Humor,£43.68,In stock (9 available),7e9068872228c474
Don't Forget Steven,Young Adult,£33.23,In stock (9 available),e845d305f64154f1
If I Gave You God's Phone Number....: Searching for Spirituality in America,Spirituality,£20.91,In stock (9 available),8fab4c4f6f82a4ce
The Alien Club,Young Adult,£54.40,In stock (9 available),e77594ece9b9d1fe
Modern Day Fables,Default,£47.44,In stock (9 available),6baac632f7711e26
"NaNo What Now? Finding your editing process, revising your NaNoWriMo book and building a writing career through publishing and beyond",Default,£10.41,In stock (9 available),ee6c67859d70186b
The Art and Science of Low Carbohydrate Living,Health,£52.98,In stock (9 available),f9c87ccb2bc4853b
Nap-a-Roo,Childrens,£25.08,In stock (9 available),913e7109cec0cb4c
"The Fabric of the Cosmos: Space, Time, and the Texture of Reality",Science,£55.91,In stock (9 available),ca74f2e3c35a3e77
Art and Fear: Observations on the Perils (and Rewards) of Artmaking,Art,£48.63,In stock (9 available),d6d9ffea95f2f8bf
The Book of Mormon,Religion,£24.57,In stock (9 available),3f25a2fedae191cc
Chernobyl 01:23:40: The Incredible True Story of the World's Worst Nuclear Disaster,Nonfiction,£35.92,In stock (9 available),7186241e043de5dc
The Grownup,Short Stories,£35.88,In stock (8 available),1bba4b1ba23ed2d6
Silence in the Dark (Logan Point #4),Suspense,£58.33,In stock (8 available),e46a164cf310fd7d
The E-Myth Revisited: Why Most Small Businesses Don't Work and What to Do About It,Business,£36.91,In stock (8 available),a2308a936e898d48
Shadows of the Past (Logan Point #1),Christian Fiction,£39.67,In stock (8 available),bee6e93e9976f4fa
Smarter Faster Better: The Secrets of Being Productive in Life and Business,Nonfiction,£38.89,In stock (8 available),a2475a245c9907c4
South of Sunshine,Young Adult,£28.93,In stock (8 available),331c26103d885cae
The Martian (The Martian #1),Default,£41.39,In stock (8 available),9afd00e81d6208e6
The High Mountains of Portugal,Fiction,£51.15,In stock (8 available),4f283dfcbeccc0d4
"The Midnight Assassin: Panic, Scandal, and the Hunt for America's First Serial Killer",Nonfiction,£28.45,In stock (8 available),5a0d2e9284004266
The New Drawing on the Right Side of the Brain,Art,£43.02,In stock (8 available),3eec766dda26fa64
The Unlikely Pilgrimage of Harold Fry (Harold Fry #1),Default,£43.62,In stock (8 available),e0bdd79c7304ee8d
Why Not Me?,Nonfiction,£17.76,In stock (8 available),04f6c929888f4f11
Vagabonding: An Uncommon Guide to the Art of Long-Term World Travel,Travel,£36.94,In stock (8 available),1809259a5a5f1d8d
When Breath Becomes Air,Nonfiction,£39.36,In stock (8 available),b69c852e7e3956af
"Zero to One: Notes on Startups, or How to Build the Future",Nonfiction,£34.06,In stock (8 available),e77033ce559947f7
23 Degrees South: A Tropical Tale of Changing Whether...,Add a comment,£35.79,In stock (9 available),61cf7eb9d2cd8bb0
A Hero's Curse (The Unseen Chronicles #1),Add a comment,£50.49,In stock (9 available),c181ca8eabe7d18c
Roller Girl,Sequential Art,£14.10,In stock (8 available),aeb51dfbe8aeec59
Please Kill Me: The Uncensored Oral History of Punk,Music,£31.19,In stock (8 available),4a823d80aa30dbb0
Rising Strong,Nonfiction,£21.82,In stock (8 available),52fc458ffc756faf
Proofs of God: Classical Arguments from Tertullian to Barth,Philosophy,£54.21,In stock (8 available),d56d0710668bb39c
Man's Search for Meaning,Nonfiction,£29.48,In stock (8 available),4729afff3bea0f0a
Miller's Valley,Fiction,£58.54,In stock (8 available),bff270fe9c86a5a9
Left Behind (Left Behind #1),Default,£40.72,In stock (8 available),29af1a2566c4e36e
I'll Give You the Sun,Default,£56.48,In stock (8 available),0ab4b35dcffcffd1
History of Beauty,Art,£10.29,In stock (8 available),8a150fd8ff5d7686
Howl and Other Poems,Poetry,£40.45,In stock (8 available),b7870fa6dc088fbb
Hystopia: A Novel,Fiction,£21.96,In stock (8 available),0bfdef63285d3019
I Will Find You,Nonfiction,£44.21,In stock (8 available),bbf1ea50be8008ab
Kill 'Em and Leave: Searching for James Brown and the American Soul,Music,£45.05,In stock (8 available),39eefec3a8498dde
Kierkegaard: A Christian Missionary to Christians,Philosophy,£47.13,In stock (8 available),0cf57cb49272fd37
John Vassos: Industrial Design for Modern Life,Default,£20.22,In stock (8 available),bd26e8a79a856c31
Les Fleurs du Mal,Poetry,£29.04,In stock (8 available),c44c5e1425475206
Living Forward: A Proven Plan to Stop Drifting and Get the Life You Want,Nonfiction,£12.55,In stock (8 available),044534b0b28b4e87
"Love That Boy: What Two Presidents, Eight Road Trips, and My Son Taught Me About a Parent's Expectations",Nonfiction,£25.06,In stock (8 available),4d3a4c7b442a9a4e
Out of Print: City Lights Spotlight No. 14,Poetry,£53.64,In stock (8 available),c0fc0cd215ee1724
My Life Next Door (My Life Next Door ),Young Adult,£36.39,In stock (8 available),9a7291b89bd5445c
A Shard of Ice (The Black Symphony Saga #1),Fantasy,£56.63,In stock (9 available),63d5f1651880dcea
Diary of a Citizen Scientist: Chasing Tiger Beetles and Other New Ways of Engaging the World,Science,£28.41,In stock (8 available),0c11e2d068768dbb
Ender's Game (The Ender Quintet #1),Default,£43.64,In stock (8 available),e049d44c4f1cf1b2
Future Shock (Future Shock #1),Young Adult,£55.65,In stock (8 available),df6a7c43faa6732b
Between the World and Me,Nonfiction,£56.91,In stock (8 available),04e3de7ac35ec5cd
Brazen: The Courage to Find the You That's Been Hiding,Nonfiction,£19.22,In stock (8 available),77e9ea355bd8ae57
Heaven is for Real: A Little Boy's Astounding Story of His Trip to Heaven and Back,Default,£52.86,In stock (8 available),d48c1369927ebef1
Brilliant Beacons: A History of the American Lighthouse,History,£11.45,In stock (8 available),7f5157bf53065d36
Under the Tuscan Sun,Travel,£37.33,In stock (7 available),a94350ee74deaa07
Death by Leisure: A Cautionary Tale,Default,£37.51,In stock (8 available),4dbd54d9e36c9566
The Whale,Childrens,£35.96,In stock (7 available),0ff9d10864db8364
The Year of Living Biblically: One Man's Humble Quest to Follow the Bible as Literally as Possible,Default,£34.72,In stock (7 available),4a0b78598b42897a
Unreasonable Hope: Finding Faith in the God Who Brings Purpose to Your Pain,Spirituality,£46.33,In stock (7 available),48cb52d78c992487
Toddlers Are A**holes: It's Not Your Fault,Humor,£25.55,In stock (7 available),4242cc3d0437db12
What Happened on Beale Street (Secrets of the South Mysteries #2),Mystery,£25.37,In stock (7 available),9735c969c652dd89
Wildlife of New York: A Five-Borough Coloring Book,Default,£22.14,In stock (7 available),b46d022080543144
"""Most Blessed of the Patriarchs"": Thomas Jefferson and the Empire of the Imagination",History,£44.48,In stock (8 available),f16c2edb2a603f92
You Are a Badass: How to Stop Doubting Your Greatness and Start Living an Awesome Life,Self Help,£12.08,In stock (7 available),88ec621893e595d0
32 Yolks,Food and Drink,£53.63,In stock (8 available),b1a227b7609ff263
"A Murder Over a Girl: Justice, Gender, Junior High",Nonfiction,£13.20,In stock (8 available),fef91502cbacf23a
Being Mortal: Medicine and What Matters in the End,Nonfiction,£55.06,In stock (8 available),15ebd83e53d0391b
The Story of Art,Art,£41.14,In stock (7 available),9147c5251cc99eb1
The Glass Castle,Add a comment,£16.24,In stock (7 available),47f4fd3e8e1dac05
The Good Girl,Default,£49.03,In stock (7 available),f935412970c9f58f
The Great Gatsby,Default,£36.05,In stock (7 available),a8dbf1c6b41b885a
The Origin of Species,Science,£10.01,In stock (7 available),0345872b14f9e774
The Drowning Girls,Add a comment,£35.67,In stock (7 available),7a10353c9c54cf7c
The Art Book,Art,£32.34,In stock (7 available),4b8fa561a1e52d1c
The Bachelor Girl's Guide to Murder (Herringford and Watts Mysteries #1),Mystery,£52.30,In stock (7 available),20789fb17b423c4c
The Bourne Identity (Jason Bourne #1),Fiction,£42.78,In stock (7 available),d250657f0ebc5d73
The Constant Princess (The Tudor Court #1),Historical Fiction,£16.62,In stock (7 available),24933c712f0bca2f
Sister Dear,Fiction,£40.20,In stock (7 available),7ffebdd1d5148aef
"Shrunken Treasures: Literary Classics, Short, Sweet, and Silly",Childrens,£52.87,In stock (7 available),9639e89d20228e6e
"Sit, Stay, Love",Romance,£20.90,In stock (7 available),bd087cf6a846db75
"Rich Dad, Poor Dad",Business,£51.74,In stock (7 available),8486f61aa81a3daa
Playing from the Heart,Childrens,£32.38,In stock (7 available),68008abf6409dfde
Raymie Nightingale,Childrens,£34.41,In stock (7 available),31c56c4d0fe19340
Steal Like an Artist: 10 Things Nobody Told You About Being Creative,Default,£20.90,In stock (7 available),8776181be110838a
Team of Rivals: The Political Genius of Abraham Lincoln,Add a comment,£20.12,In stock (7 available),ba047a636b7d3793
The 7 Habits of Highly Effective People: Powerful Lessons in Personal Change,Default,£33.17,In stock (7 available),5fbd03b1ac0a0e69
Meternity,Womens Fiction,£43.58,In stock (7 available),725cd8d23d78cdca
The Faith of Christopher Hitchens: The Restless Soul of the World's Most Notorious Atheist,Biography,£39.55,In stock (7 available),57f85720e54d6442
"Naturally Lean: 125 Nourishing Gluten-Free, Plant-Based Recipes--All Under 300 Calories",Food and Drink,£11.38,In stock (7 available),924438fc6cbec836
Life of Pi,Default,£13.22,In stock (7 available),40cdcbb7692fd408
Nightstruck: A Novel,Young Adult,£50.35,In stock (7 available),746029796363aa51
Like Never Before (Walker Family #2),Christian Fiction,£28.77,In stock (7 available),b6670507e85b30e6
Memoirs of a Geisha,Fiction,£49.67,In stock (7 available),dac4b5847454fd9b
John Adams,Add a comment,£57.43,In stock (7 available),68407606544d6f22
King's Folly (The Kinsman Chronicles #1),Fantasy,£39.61,In stock (7 available),4c82371b8cd02d4d
How to Cook Everything Vegetarian: Simple Meatless Recipes for Great Food (How to Cook Everything),Food and Drink,£46.01,In stock (7 available),2a9fcb3382d351c8
How to Be a Domestic Goddess: Baking and the Art of Comfort Cooking,Food and Drink,£28.25,In stock (7 available),eff5710404e2ff78
Blue Like Jazz: Nonreligious Thoughts on Christian Spirituality,Christian,£25.77,In stock (7 available),a322361a37a78d3d
"Chronicles, Vol. 1",Music,£52.60,In stock (7 available),4781b6bfd6f7a2c5
Counted With the Stars (Out from Egypt #1),Christian Fiction,£17.97,In stock (7 available),4807043b8218e9ce
Delivering the Truth (Quaker Midwife Mystery #1),Mystery,£20.89,In stock (7 available),4e980425468708da
Every Heart a Doorway (Every Heart A Doorway #1),Fantasy,£12.16,In stock (7 available),4fa75fc6829431ca
Finding God in the Ruins: How God Redeems Pain,Nonfiction,£46.64,In stock (7 available),4e78f06160b717ac
"Fruits Basket, Vol. 7 (Fruits Basket #7)",Sequential Art,£19.57,In stock (7 available),de6d7645f192d517
For the Love: Fighting for Grace in a World of Impossible Standards,Nonfiction,£45.13,In stock (7 available),2e40333991f56f45
Good in Bed (Cannie Shapiro #1),Add a comment,£37.05,In stock (7 available),c00bc29a678a6efb
Leave This Song Behind: Teen Poetry at Its Best,Poetry,£51.17,In stock (7 available),b74ee891e2a6dd69
The God Delusion,Add a comment,£46.85,In stock (6 available),2bc80eba94950873
The Collected Poems of W.B. Yeats (The Collected Works of W.B. Yeats #1),Poetry,£15.42,In stock (6 available),3d250ab0f12be445
The Fellowship of the Ring (The Lord of the Rings #1),Default,£10.27,In stock (6 available),cb17945cb90b7837
The Girl You Left Behind (The Girl You Left Behind #1),Historical,£15.79,In stock (6 available),eb7459e0c570251d
The Golden Compass (His Dark Materials #1),Add a comment,£18.77,In stock (6 available),d33824cb93ecab6f
The Hobbit (Middle-Earth Universe),Default,£17.80,In stock (6 available),72b5355dda190b6a
The Great Railway Bazaar,Travel,£30.54,In stock (6 available),48736df57e7bec9f
The Invention of Wings,Historical Fiction,£37.34,In stock (6 available),e6635f5b0a2c78db
The Joy of Cooking,Add a comment,£43.27,In stock (6 available),d326e189b1210916
The Makings of a Fatherless Child,Default,£31.58,In stock (6 available),2efa5a839e62b1bd
The Man Who Mistook His Wife for a Hat and Other Clinical Tales,Nonfiction,£59.45,In stock (6 available),60376aa71be66083
The Mysterious Affair at Styles (Hercule Poirot #1),Mystery,£24.80,In stock (6 available),2da5edf8b5776c9a
The Perks of Being a Wallflower,Default,£55.02,In stock (6 available),fd364afd082f5446
The Sound Of Love,Default,£57.84,In stock (6 available),5ba3d703d1ae0c1d
The Rise and Fall of the Third Reich: A History of Nazi Germany,History,£39.67,In stock (6 available),774fa432bd7d9c47
A Summer In Europe,Travel,£44.34,In stock (7 available),cc1936a9f4e93477
A Gathering of Shadows (Shades of Magic #2),Fantasy,£44.81,In stock (7 available),d1378a0ad06ff979
"At The Existentialist Café: Freedom, Being, and apricot cocktails with: Jean-Paul Sartre, Simone de Beauvoir, Albert Camus, Martin Heidegger, Edmund Husserl, Karl Jaspers, Maurice Merleau-Ponty and others",Philosophy,£29.93,In stock (7 available),6b52904b2ab91bf6
A Short History of Nearly Everything,History,£52.40,In stock (7 available),6c7fa6844380f50a
Benjamin Franklin: An American Life,Biography,£48.19,In stock (7 available),5b546a46a86a9d8c
The Barefoot Contessa Cookbook,Food and Drink,£59.92,In stock (6 available),6478ccb4416e6a5d
Tell the Wolves I'm Home,Young Adult,£50.96,In stock (6 available),2a1b3d967cda1da2
Musicophilia: Tales of Music and the Brain,Default,£46.58,In stock (6 available),6d235933670503d9
Ship Leaves Harbor: Essays on Travel by a Recovering Journeyman,Default,£30.60,In stock (6 available),8d8e9f9b8730eb25
Pride and Prejudice,Add a comment,£19.27,In stock (6 available),720c36b2bee4692e
Mere Christianity,Add a comment,£48.51,In stock (6 available),f38f37ed934d84b2
Me Before You (Me Before You #1),Fiction,£19.02,In stock (6 available),7a2b51f69e81c722
"Girl, Interrupted",Nonfiction,£42.14,In stock (6 available),384c7d41d5ffe9d1
Give It Back,Thriller,£18.32,In stock (6 available),012170e4fc87ace0
How to Stop Worrying and Start Living,Self Help,£46.49,In stock (6 available),e792c0969cefe1b8
Better Homes and Gardens New Cook Book,Food and Drink,£39.61,In stock (6 available),faf841f81c52638b
Catherine the Great: Portrait of a Woman,History,£58.55,In stock (6 available),f3c70d296ec796c4
Deception Point,Fiction,£40.32,In stock (6 available),4e3b183180e2a992
"Death Note, Vol. 6: Give-and-Take (Death Note #6)",Sequential Art,£36.39,In stock (6 available),6e06d0f00f6da20f
An Unquiet Mind: A Memoir of Moods and Madness,Psychology,£21.30,In stock (6 available),46cb43c2ab133ccc
"Fruits Basket, Vol. 6 (Fruits Basket #6)",Sequential Art,£20.96,In stock (6 available),97258f576d4bb672
A Year in Provence (Provence #1),Travel,£56.88,In stock (6 available),9e60929f521fa280
Fun Home: A Family Tragicomic,Add a comment,£56.59,In stock (6 available),56a34d0cec11d6b0
The Raven King (The Raven Cycle #4),Add a comment,£30.57,In stock (5 available),2e4fc5eacceec12c
The Secret Garden,Classics,£15.08,In stock (5 available),abbb492978ff656d
The Raven Boys (The Raven Cycle #1),Fantasy,£57.74,In stock (5 available),e0b3a679b83caccc
The Power Greens Cookbook: 140 Delicious Superfood Recipes,Food and Drink,£11.05,In stock (5 available),f701fae56b645ef7
Two Summers,Young Adult,£14.64,In stock (5 available),3a7d54a264d9f33e
This Is Your Brain on Music: The Science of a Human Obsession,Music,£38.40,In stock (5 available),bc209a900101f28d
What If?: Serious Scientific Answers to Absurd Hypothetical Questions,Default,£53.68,In stock (5 available),163d89116179c33f
The Mathews Men: Seven Brothers and the War Against Hitler's U-boats,History,£42.91,In stock (5 available),0d210d2448c3018f
The Expatriates,Fiction,£44.58,In stock (5 available),fe7210553d56c097
The False Prince (The Ascendance Trilogy #1),Fantasy,£56.00,In stock (5 available),a2a9f76339d21ab1
The Fault in Our Stars,Default,£47.22,In stock (5 available),3661360c99719414
The Firm,Fiction,£45.56,In stock (5 available),ad84f18659e6bfe2
The Grand Design,Science,£13.76,In stock (5 available),3213b1f13f5f0f7c
The Hiding Place,History,£55.91,In stock (5 available),c4589ee5977a47be
The Little Paris Bookshop,Fiction,£24.73,In stock (5 available),dfd9ff1f343cdaff
The Metamorphosis,Classics,£28.58,In stock (5 available),93379e3a2072a01b
Where She Went (If I Stay #2),Young Adult,£41.73,In stock (5 available),60369d96b7b80869
Why Save the Bankers?: And Other Essays on Our Economic and Political Crisis,Nonfiction,£48.67,In stock (5 available),759ee7d059b1beb8
"Will Grayson, Will Grayson (Will Grayson, Will Grayson)",Young Adult,£47.31,In stock (5 available),e75f3ae1da1cc652
World Without End (The Pillars of the Earth #2),Historical Fiction,£32.97,In stock (5 available),2e5b4ff08a75fd02
In Cold Blood,Nonfiction,£49.98,In stock (6 available),fe0f34ebed689381
In the Woods (Dublin Murder Squad #1),Mystery,£38.38,In stock (6 available),6958de044cb28a84
The Darkest Corners,Young Adult,£11.33,In stock (5 available),c4182bdb53e2459a
The Dream Thieves (The Raven Cycle #2),Default,£34.50,In stock (5 available),fec06f52054ea900
The Crossover,Poetry,£38.77,In stock (5 available),b228042c088b1913
Siddhartha,Fiction,£34.22,In stock (5 available),84bb29c53592ac40
Talking to Girls About Duran Duran: One Young Man's Quest for True Love and a Cooler Haircut,Nonfiction,£25.15,In stock (5 available),1dba84766a5e87b8
Tell Me Three Things,Young Adult,£41.81,In stock (5 available),50d5a7b861ed1c54
Tell the Wind and Fire,Fantasy,£45.51,In stock (5 available),84126312e2431a09
The 5th Wave (The 5th Wave #1),Default,£11.83,In stock (5 available),b716233fcb6877e6
Shiver (The Wolves of Mercy Falls #1),Default,£16.23,In stock (5 available),59a8ae019b64f2a7
Remember Me?,Default,£11.48,In stock (5 available),2973d38c2fbd7a5c
Mexican Today: New and Rediscovered Recipes for Contemporary Kitchens,Food and Drink,£24.91,In stock (5 available),12a90b90283b2e6d
My Mother Was Nuts,Nonfiction,£31.63,In stock (5 available),a4ce39a3720cd679
Red Dragon (Hannibal Lecter #1),Horror,£23.37,In stock (5 available),e958ae92f328c181
Peak: Secrets from the New Science of Expertise,Science,£16.28,In stock (5 available),6036239d2ab349b7
Killing Floor (Jack Reacher #1),Thriller,£31.49,In stock (5 available),8dde2ff3f6fcc0a3
Kill the Boy Band,Young Adult,£15.52,In stock (5 available),44f545727e704187
Last One Home (New Beginnings #1),Fiction,£59.98,In stock (5 available),07e6810fd3236bda
Logan Kade (Fallen Crest High #5.5),Academic,£13.12,In stock (5 available),7093cf549cd2e7de
Lola and the Boy Next Door (Anna and the French Kiss #2),Young Adult,£23.63,In stock (5 available),5e1a88d248599768
Maybe Something Beautiful: How Art Transformed a Neighborhood,Childrens,£22.54,In stock (5 available),81c68492ccd72941
Fool Me Once,Default,£16.96,In stock (5 available),630e766f0a1987dd
Foundation (Foundation (Publication Order) #1),Science Fiction,£32.42,In stock (5 available),3fc124f59f3068e4
"Fruits Basket, Vol. 5 (Fruits Basket #5)",Sequential Art,£16.33,In stock (5 available),3fd83dcf37bf1bc0
America's War for the Greater Middle East: A Military History,History,£51.22,In stock (5 available),add33db6ff80db24
An Abundance of Katherines,Young Adult,£10.00,In stock (5 available),f36d24c309e87e5b
Approval Junkie: Adventures in Caring Too Much,Autobiography,£58.81,In stock (5 available),612369a5947a012e
Critique of Pure Reason,Philosophy,£20.75,In stock (5 available),429b4a811bef386c
"Data, A Love Story: How I Gamed Online Dating to Meet My Match",Nonfiction,£32.35,In stock (5 available),bcf567421c581f0a
Booked,Poetry,£17.49,In stock (5 available),b54d7416bb445989
"Death Note, Vol. 5: Whiteout (Death Note #5)",Sequential Art,£52.41,In stock (5 available),1c0a38899c82b60a
"Blue Lily, Lily Blue (The Raven Cycle #3)",Default,£34.13,In stock (5 available),ad5e078beceaeb4a
Digital Fortress,Fiction,£58.00,In stock (5 available),94bb629a3f6dd00b
Harry Potter and the Deathly Hallows (Harry Potter #7),Default,£23.32,In stock (5 available),6c49258724f11770
Dracula the Un-Dead,Horror,£35.63,In stock (5 available),e46b1074b99ac4b6
Evicted: Poverty and Profit in the American City,Add a comment,£42.27,In stock (5 available),75cc85cdbe9ad46b
Find Her (Detective D.D. Warren #8),Add a comment,£22.37,In stock (5 available),b28c7d07afa7063b
Drama,Default,£38.70,In stock (5 available),d5ad4c92d8bf26c9
I Know Why the Caged Bird Sings (Maya Angelou's Autobiography #1),Default,£36.55,In stock (5 available),d219d4e325e6f204
If I Stay (If I Stay #1),Default,£38.13,In stock (5 available),7284d85428305f5a
Isla and the Happily Ever After (Anna and the French Kiss #3),Young Adult,£48.13,In stock (5 available),45045146dbf7b009
A Game of Thrones (A Song of Ice and Fire #1),Add a comment,£46.42,In stock (5 available),03cbb67c0f990d87
Alight (The Generations Trilogy #2),Default,£58.59,In stock (5 available),d9290e99f189ce84
A Girl's Guide to Moving On (New Beginnings #2),Romance,£31.30,In stock (5 available),cf3b86489890b9f2
A Clash of Kings (A Song of Ice and Fire #2),Add a comment,£10.79,In stock (5 available),89a89e76f3516357
A Feast for Crows (A Song of Ice and Fire #4),Fantasy,£17.21,In stock (5 available),f2c8f4b4c94d5c5c
The Shining (The Shining #1),Default,£27.88,In stock (4 available),d4de23aa98acc65b
Vogue Colors A to Z: A Fashion Coloring Book,Default,£52.35,In stock (4 available),a8f4577a48023344
The Geography of Bliss: One Grump's Search for the Happiest Places in the World,Nonfiction,£28.23,In stock (4 available),c65ee14957c0fa5c
The Hound of the Baskervilles (Sherlock Holmes #5),Classics,£14.82,In stock (4 available),6587f46697fc4443
The Gunning of America: Business and the Making of American Gun Culture,Nonfiction,£16.81,In stock (4 available),45033bdf3d9ed158
The Hunger Games (The Hunger Games #1),Default,£29.85,In stock (4 available),6d2f70d9424f41a1
The Jazz of Physics: The Secret Link Between Music and the Structure of the Universe,Nonfiction,£38.71,In stock (4 available),6a57286a8890d8c5
The Passion of Dolssa,Historical Fiction,£28.32,In stock (4 available),011674f4a3834b8d
The Perfect Play (Play by Play #1),Romance,£59.99,In stock (4 available),9cc207168a03470d
The Pilgrim's Progress,Classics,£50.26,In stock (4 available),6053ddf69c967d5f
Some Women,Womens Fiction,£13.73,In stock (4 available),31f5bbf4974d29c9
The Demonists (Demonist #1),Fantasy,£52.11,In stock (4 available),ff2dffba388d9922
The Beast (Black Dagger Brotherhood #14),Fantasy,£46.08,In stock (4 available),8930013d06942df1
The Bone Hunters (Lexy Vaughan & Steven Macaulay #2),Thriller,£59.71,In stock (4 available),9c4d061c1e2fe6bf
"The Demon Prince of Momochi House, Vol. 4 (The Demon Prince of Momochi House #4)",Sequential Art,£27.88,In stock (4 available),df53c2948b32bde3
Shopaholic Ties the Knot (Shopaholic #3),Womens Fiction,£48.39,In stock (4 available),38199c5d7da0c0ef
"Orchestra of Exiles: The Story of Bronislaw Huberman, the Israel Philharmonic, and the One Thousand Jews He Saved from Nazi Horrors",Music,£12.36,In stock (4 available),2ba5ccc84d35006c
Misery,Horror,£34.79,In stock (4 available),81d4191030b9704b
Harry Potter and the Order of the Phoenix (Harry Potter #5),Fantasy,£31.63,In stock (4 available),5a6b7155f2797537
Harry Potter and the Prisoner of Azkaban (Harry Potter #3),Young Adult,£24.17,In stock (4 available),eff24325e0ede639
Harry Potter and the Sorcerer's Stone (Harry Potter #1),Default,£13.90,In stock (4 available),ac337893a9fe0085
Little Women (Little Women #1),Classics,£28.07,In stock (4 available),deda806b68b0aa11
It,Horror,£25.01,In stock (4 available),670a2773607d785d
Mockingjay (The Hunger Games #3),Default,£20.44,In stock (4 available),5212c6acea3359e5
Needful Things,Horror,£47.51,In stock (4 available),70b585c9d0f15725
"Fruits Basket, Vol. 4 (Fruits Basket #4)",Sequential Art,£50.44,In stock (4 available),8fff1084aa085a13
Girl With a Pearl Earring,Historical Fiction,£26.77,In stock (4 available),5eff05e59f905a49
God Is Not Great: How Religion Poisons Everything,Nonfiction,£27.80,In stock (4 available),ddbc5530d2939d49
Harry Potter and the Chamber of Secrets (Harry Potter #2),Fantasy,£14.74,In stock (4 available),c7c4f55b7321cba7
Gone with the Wind,Classics,£32.49,In stock (4 available),23310ce84d3c9f85
Harry Potter and the Half-Blood Prince (Harry Potter #6),Fantasy,£48.75,In stock (4 available),73f4f87dd936ee5c
Night Shift (Night Shift #1-20),Horror,£12.75,In stock (4 available),869d20b3b8128230
Outlander (Outlander #1),Default,£19.67,In stock (4 available),5de4baa88061a77a
No One Here Gets Out Alive,Music,£20.02,In stock (4 available),3a95f5a2df4ff921
Wuthering Heights,Classics,£17.73,In stock (3 available),5a7ff9aaa3168878
Zero History (Blue Ant #3),Default,£34.77,In stock (3 available),634b7165c96ebb9f
When You Are Engulfed in Flames,Humor,£30.89,In stock (3 available),dab0196cd5fc8e5e
We the People: The Modern-Day Figures Who Have Reshaped and Affirmed the Founding Fathers' Vision of America,Nonfiction,£31.95,In stock (3 available),06bab964fd536971
"Where'd You Go, Bernadette",Default,£18.13,In stock (3 available),07bb35158d9dd3d2
We Are All Completely Beside Ourselves,Contemporary,£24.04,In stock (3 available),be3db344a845580b
Wild: From Lost to Found on the Pacific Crest Trail,Default,£46.02,In stock (3 available),d30b9215c72cca87
World War Z: An Oral History of the Zombie War,Default,£21.80,In stock (3 available),5d55202da0252627
'Salem's Lot,Horror,£49.56,In stock (4 available),6e9403f00acd6752
"A History of God: The 4,000-Year Quest of Judaism, Christianity, and Islam",Religion,£27.62,In stock (4 available),d12ca4020c2f602e
A Walk to Remember,Romance,£56.43,In stock (4 available),aead11697d14ea36
A New Earth: Awakening to Your Life's Purpose,Spirituality,£55.65,In stock (4 available),f6ae39568db1130e
Animal Farm,Classics,£57.22,In stock (4 available),1451b55e5e56bb89
Atlas Shrugged,Fiction,£26.58,In stock (4 available),78a4ac98191ac675
Can You Keep a Secret?,Womens Fiction,£21.94,In stock (4 available),0812f54c93d726ce
Candide,Classics,£58.63,In stock (4 available),2798974abc8a58a8
Changing the Game (Play by Play #2),Romance,£13.38,In stock (4 available),aaebac5fda798b1b
Confessions of a Shopaholic (Shopaholic #1),Default,£48.94,In stock (4 available),a2dc754afb69bb32
Dark Lover (Black Dagger Brotherhood #1),Romance,£12.87,In stock (4 available),2b69d289279aabfd
Far From True (Promise Falls Trilogy #2),Thriller,£34.93,In stock (4 available),ad15a9a139919918
Paper and Fire (The Great Library #2),Fantasy,£49.45,In stock (4 available),ae884ac655d6ee3e
Walk the Edge (Thunder Road #2),Young Adult,£32.36,In stock (3 available),0e4e2d31c2fb3aad
Voyager (Outlander #3),Historical Fiction,£21.07,In stock (3 available),7feac4000cbc5859
Vegan Vegetarian Omnivore: Dinner for Everyone at the Table,Food and Drink,£13.66,In stock (3 available),4672d10b9b1e7a05
"Unstuffed: Decluttering Your Home, Mind, and Soul",Nonfiction,£58.09,In stock (3 available),b830685072fa871f
Very Good Lives: The Fringe Benefits of Failure and the Importance of Imagination,Nonfiction,£50.66,In stock (3 available),52aa3d79b1cee455
"Trespassing Across America: One Man's Epic, Never-Done-Before (and Sort of Illegal) Hike Across the Heartland",Nonfiction,£53.51,In stock (3 available),2173a2ce35f6ace1
Three-Martini Lunch,Fiction,£23.21,In stock (3 available),57f755143ee96fd4
Twenties Girl,Womens Fiction,£42.80,In stock (3 available),8ebad30219b8679c
Twilight (Twilight #1),Default,£41.93,In stock (3 available),b53078de0147f6bf
Two Boys Kissing,Young Adult,£32.74,In stock (3 available),61bc8167c9680283
The Tipping Point: How Little Things Can Make a Big Difference,Add a comment,£10.02,In stock (3 available),224fa77d4b248046
"Thinking, Fast and Slow",Psychology,£21.14,In stock (3 available),719d72f3ee512dc6
The Travelers,Thriller,£15.77,In stock (3 available),2b685187f55c5d31
Under the Banner of Heaven: A Story of Violent Faith,Nonfiction,£30.00,In stock (3 available),599a4f98bb193368
The Undomestic Goddess,Womens Fiction,£45.75,In stock (3 available),813cff2aefa5d1f0
The Smitten Kitchen Cookbook,Food and Drink,£23.59,In stock (3 available),742702d662a71410
The Stand,Horror,£57.86,In stock (3 available),49f24193f0b961e6
The Wild Robot,Childrens,£56.07,In stock (3 available),75fed6a47f69859d
"The Wicked + The Divine, Vol. 3: Commercial Suicide (The Wicked + The Divine)",Sequential Art,£14.41,In stock (3 available),a33ed2e6068df53e
"The Sandman, Vol. 3: Dream Country (The Sandman (volumes) #3)",Sequential Art,£55.55,In stock (3 available),91eb9605998a7c03
The Rose & the Dagger (The Wrath and the Dawn #2),Fantasy,£58.64,In stock (3 available),322a9e34d87f54b1
The Picture of Dorian Gray,Classics,£29.70,In stock (3 available),b9f6305a3d650e2c
The Silkworm (Cormoran Strike #2),Mystery,£23.05,In stock (3 available),f06039c29b5891fa
The Purpose Driven Life: What on Earth Am I Here for?,Add a comment,£37.19,In stock (3 available),0e7beedf0ee9380c
The Purest Hook (Second Circle Tattoos #3),Romance,£12.25,In stock (3 available),969f6c7e86554814
The Red Tent,Historical Fiction,£35.66,In stock (3 available),3c456328b04a8ee8
The Rest Is Noise: Listening to the Twentieth Century,Add a comment,£34.77,In stock (3 available),e2d47e82c50d41d9
The Restaurant at the End of the Universe (Hitchhiker's Guide to the Galaxy #2),Science Fiction,£10.92,In stock (3 available),0e92ccf1bd39e68f
The Lonely Ones,Childrens,£43.59,In stock (3 available),cf2f27fdf94ba20e
The Lover's Dictionary,Default,£58.09,In stock (3 available),36c15687f5ab0f7c
The Maze Runner (The Maze Runner #1),Default,£20.93,In stock (3 available),4266f48a0aa1c37d
The Name of God is Mercy,Nonfiction,£37.25,In stock (3 available),0baf71623648413a
The Nanny Diaries (Nanny #1),Womens Fiction,£52.53,In stock (3 available),6263c1d2997b8ce0
The New Guy (and Other Senior Year Distractions),Young Adult,£44.92,In stock (3 available),3e42ac0f4d43320f
The Nightingale,Fiction,£26.26,In stock (3 available),29d6d87f3418638b
The Obsession,Romance,£45.43,In stock (3 available),ee441c8e027caa66
The Paris Wife,Default,£36.80,In stock (3 available),fa26798728f5208f
The Rise of Theodore Roosevelt (Theodore Roosevelt #1),Biography,£42.57,In stock (3 available),1a5044d233936b1a
"The Land of 10,000 Madonnas",Young Adult,£29.64,In stock (3 available),35e69a79d2b1e804
The Last Painting of Sara de Vos,Historical Fiction,£55.55,In stock (3 available),476c7972e9b41891
The Guns of August,History,£14.54,In stock (3 available),b5da59dd177eb36b
The Thing About Jellyfish,Childrens,£48.77,In stock (3 available),3d15714d4d3d15dd
The Girl Who Played with Fire (Millennium Trilogy #2),Default,£22.14,In stock (3 available),bfa9cb304075d3e8
The Devil Wears Prada (The Devil Wears Prada #1),Womens Fiction,£44.29,In stock (3 available),a6ab0cb7106a67f2
The Day the Crayons Came Home (Crayons),Childrens,£26.33,In stock (3 available),b22362b434e8ee62
The Demon-Haunted World: Science as a Candle in the Dark,Default,£52.25,In stock (3 available),f51062bf579507d9
"The Elegant Universe: Superstrings, Hidden Dimensions, and the Quest for the Ultimate Theory",Science,£13.03,In stock (3 available),c6bf14cb901c63ac
"The End of Faith: Religion, Terror, and the Future of Reason",Add a comment,£22.13,In stock (3 available),b3f2bc2cefb35f05
The Exiled,Mystery,£43.45,In stock (3 available),dd003e904727281a
The Girl Who Kicked the Hornet's Nest (Millennium Trilogy #3),Add a comment,£57.48,In stock (3 available),8f5d16a5a9bd58b2
The Girl with All the Gifts,Horror,£49.47,In stock (3 available),92dcc54a27107a37
The Guernsey Literary and Potato Peel Pie Society,Historical Fiction,£49.53,In stock (3 available),4a0a276409968a73
The Husband's Secret,Fiction,£52.51,In stock (3 available),ff6bb30dd0c482a6
The Infinities,Fiction,£27.41,In stock (3 available),554e9e2d532b3a87
The Hitchhiker's Guide to the Galaxy (Hitchhiker's Guide to the Galaxy #1),Add a comment,£47.80,In stock (3 available),a8b0ea6490bc818f
The Lean Startup: How Today's Entrepreneurs Use Continuous Innovation to Create Radically Successful Businesses,Business,£33.92,In stock (3 available),70c7c3ca7f9b2728
The Road to Little Dribbling: Adventures of an American in Britain (Notes From a Small Island #2),Travel,£23.21,In stock (3 available),366a236aa1ea6f07
"The Disappearing Spoon: And Other True Tales of Madness, Love, and the History of the World from the Periodic Table of the Elements",Science,£57.35,In stock (3 available),63c0826ef59eae66
The Giver (The Giver Quartet #1),Default,£12.30,In stock (3 available),e2dac1f4739e0bd5
The Goldfinch,Default,£43.58,In stock (3 available),c88422d8959260ab
The Da Vinci Code (Robert Langdon #2),Fiction,£22.96,In stock (3 available),dabf11918b48b40c
The Cuckoo's Calling (Cormoran Strike #1),Mystery,£19.21,In stock (3 available),1be6d3b121865edb
The Catcher in the Rye,Add a comment,£24.55,In stock (3 available),487449f4f6322f0f
The Case for Christ (Cases for Christianity),Add a comment,£47.84,In stock (3 available),970bd3316219e7dc
The Complete Stories and Poems (The Works of Edgar Allan Poe [Cameo Edition]),Classics,£26.78,In stock (3 available),cad70d6ffd53912f
The Cat in the Hat (Beginner Books B-1),Childrens,£16.26,In stock (3 available),b7f475238ed50429
The Complete Poems,Add a comment,£41.32,In stock (3 available),23707d3ddf14a999
The Art of Fielding,Fiction,£22.10,In stock (3 available),2858ac90c4758e1f
"The Art of Simple Food: Notes, Lessons, and Recipes from a Delicious Revolution",Food and Drink,£34.32,In stock (3 available),311634df10651e05
The Autobiography of Malcolm X,Default,£23.43,In stock (3 available),b04a6a0db525857d
The Book of Basketball: The NBA According to The Sports Guy,Sports and Games,£44.84,In stock (3 available),08decd9664e5d56e
The Blind Side: Evolution of a Game,Add a comment,£53.71,In stock (3 available),cd3dcd83bb002e78
The Book Thief,Default,£53.49,In stock (3 available),a75e274c8814b539
Something Borrowed (Darcy & Rachel #1),Womens Fiction,£48.96,In stock (3 available),ac27ab4bcd9c492e
Spilled Milk: Based on a True Story,Nonfiction,£49.51,In stock (3 available),f08667e4c0458f37
Shopaholic & Baby (Shopaholic #5),Default,£46.45,In stock (3 available),c57d3c96af23c297
Soldier (Talon #3),Fantasy,£24.72,In stock (3 available),feaaae90514eb2ac
Something Blue (Darcy & Rachel #2),Womens Fiction,£54.62,In stock (3 available),3fc9d51d1c4d6ba7
Stiff: The Curious Lives of Human Cadavers,Nonfiction,£36.74,In stock (3 available),a11ae5f07572ef49
Seven Brief Lessons on Physics,Science,£30.60,In stock (3 available),281a244ce1954711
Seven Days in the Art World,Add a comment,£52.33,In stock (3 available),07806456878931bc
Reservations for Two,Romance,£11.10,In stock (3 available),ecdf73ee66c33b17
Rework,Business,£44.88,In stock (3 available),8e9dd8431170c09e
"Rise of the Rocket Girls: The Women Who Propelled Us, from Missiles to the Moon to Mars",Nonfiction,£41.67,In stock (3 available),89cad3f37c9ce226
Rogue Lawyer (Rogue Lawyer #1),Add a comment,£50.11,In stock (3 available),b4f5672f68ec3a83
Running with Scissors,Autobiography,£12.91,In stock (3 available),28921443f052bea6
"Saga, Volume 3 (Saga (Collected Editions) #3)",Sequential Art,£21.57,In stock (3 available),7b870bf85d01c2dc
Sarah's Key,Add a comment,£46.29,In stock (3 available),5b2cd5b31a510848
One for the Money (Stephanie Plum #1),Default,£32.87,In stock (3 available),3250650a5c4e6f07
Orange Is the New Black,Default,£24.61,In stock (3 available),8378c899988905ee
Original Fake,Sequential Art,£31.45,In stock (3 available),c59283b05905c853
Outliers: The Story of Success,Nonfiction,£14.16,In stock (3 available),09a7b0b566ad6225
Packing for Mars: The Curious Science of Life in the Void,Default,£56.68,In stock (3 available),8e2dfd6bcf48e1e6
Persepolis: The Story of a Childhood (Persepolis #1-2),Sequential Art,£39.13,In stock (3 available),cb62418129b864a3
Prodigy: The Graphic Novel (Legend: The Graphic Novel #2),Sequential Art,£43.63,In stock (3 available),9707989a439757b4
Quiet: The Power of Introverts in a World That Can't Stop Talking,Default,£43.55,In stock (3 available),3c565df219ba3274
Red: The True Story of Red Riding Hood,Childrens,£28.54,In stock (3 available),4c8ece50736f9e88
"Surely You're Joking, Mr. Feynman!: Adventures of a Curious Character",Science,£25.83,In stock (3 available),61002f3b7ba5d780
Ready Player One,Science Fiction,£19.07,In stock (3 available),2ef5dc7e278e562a
Scarlet (The Lunar Chronicles #2),Young Adult,£14.57,In stock (3 available),510832818edb6fbc
Night (The Night Trilogy #1),Nonfiction,£13.51,In stock (3 available),c4d9fce9eff3b8ba
Legend (Legend #1),Young Adult,£43.69,In stock (3 available),0ce8075fab4a2b5b
Let's Pretend This Never Happened: A Mostly True Memoir,Nonfiction,£45.11,In stock (3 available),1246e4ffeb5ac4ea
"Lamb: The Gospel According to Biff, Christ's Childhood Pal",Humor,£55.50,In stock (3 available),190fbebbf798c31a
"Lean In: Women, Work, and the Will to Lead",Default,£25.02,In stock (3 available),d5e1a9bfe22bbf9f
Letter to a Christian Nation,Nonfiction,£22.20,In stock (3 available),1de75f05d57bfc10
Lady Renegades (Rebel Belle #3),Young Adult,£53.04,In stock (3 available),16e843e6b853cc2f
Life After Life,Default,£26.13,In stock (3 available),4ec53ff7e2263f32
Life Without a Recipe,Autobiography,£59.04,In stock (3 available),c53d9fefcda371e9
"Life, the Universe and Everything (Hitchhiker's Guide to the Galaxy #3)",Science Fiction,£33.26,In stock (3 available),4b3f4f151c99f472
Lila (Gilead #3),Fiction,£12.47,In stock (3 available),4ef75307fb64e2ad
Lust & Wonder,Autobiography,£11.87,In stock (3 available),0dcadb06206abd3c
Manuscript Found in Accra,Add a comment,£34.98,In stock (3 available),546da23278482b0a
"Miracles from Heaven: A Little Girl, Her Journey to Heaven, and Her Amazing Story of Healing",Nonfiction,£57.83,In stock (3 available),7980fa06f2b704d8
Midnight Riot (Peter Grant/ Rivers of London - books #1),Fantasy,£55.46,In stock (3 available),e9056f9b5a40a301
Morning Star (Red Rising #3),Default,£29.40,In stock (3 available),7ce5a92baabb6bc0
Naked,Humor,£31.69,In stock (3 available),54aeeb4610d3ae08
Neither Here nor There: Travels in Europe,Travel,£38.95,In stock (3 available),747cf7fca2ccdbd4
Notes from a Small Island (Notes From a Small Island #1),Nonfiction,£40.17,In stock (3 available),cb65e49993db9a93
Jurassic Park (Jurassic Park #1),Fiction,£44.97,In stock (3 available),a0dd11f6abc421ec
Inferno (Robert Langdon #4),Fiction,£41.00,In stock (3 available),6c4646d90b60a56c
Into the Wild,Nonfiction,£56.70,In stock (3 available),a7c3f1010d64799a
It's Never Too Late to Begin Again: Discovering Creativity and Meaning at Midlife and Beyond,Nonfiction,£42.38,In stock (3 available),d4a29356fc992879
Is Everyone Hanging Out Without Me? (And Other Concerns),Default,£20.11,In stock (3 available),034829ffdd0a0aea
Horrible Bear!,Childrens,£37.52,In stock (3 available),cc1ac978a6835ef6
Me Talk Pretty One Day,Autobiography,£57.60,In stock (3 available),abc4a7ee16c21088
House of Leaves,Horror,£54.89,In stock (3 available),557c03c284be1bf2
"House of Lost Worlds: Dinosaurs, Dynasties, and the Story of Life on Earth",History,£43.70,In stock (3 available),1812b8f5641287e3
Hungry Girl Clean & Hungry: Easy All-Natural Recipes for Healthy Eating in the Real World,Food and Drink,£33.14,In stock (3 available),6c4d17a46cac8787
I Am Malala: The Girl Who Stood Up for Education and Was Shot by the Taliban,Nonfiction,£28.88,In stock (3 available),8010c7c148057fd3
"In the Garden of Beasts: Love, Terror, and an American Family in Hitler's Berlin",Nonfiction,£28.85,In stock (3 available),d8292cd5f1aca291
If I Run (If I Run #1),Christian Fiction,£49.97,In stock (3 available),61569d12d4ae7161
I've Got Your Number,Womens Fiction,£19.69,In stock (3 available),6b32b561dab8036c
Golden (Heart of Dread #3),Young Adult,£42.21,In stock (3 available),984b3b6e7479b571
Gone Girl,Default,£37.60,In stock (3 available),d5c588b6f9c015e4
Heir to the Sky,Fantasy,£44.07,In stock (3 available),b003f8bb02f76dc5
Gratitude,Nonfiction,£26.66,In stock (3 available),c300cc9326592b65
"Grayson, Vol 3: Nemesis (Grayson #3)",Sequential Art,£42.72,In stock (3 available),4f6985aca357ae09
Green Eggs and Ham (Beginner Books B-16),Childrens,£10.79,In stock (3 available),621e2c310cec8d32
Holidays on Ice,Humor,£51.07,In stock (3 available),0cb4856be3694a57
"Fruits Basket, Vol. 3 (Fruits Basket #3)",Sequential Art,£45.17,In stock (3 available),d5f5a122a593b580
"Friday Night Lights: A Town, a Team, and a Dream",Sports and Games,£51.22,In stock (3 available),a9aa3ed5b316470b
Dark Places,Default,£23.90,In stock (3 available),66937c669c4da072
Cosmos,Add a comment,£36.17,In stock (3 available),dbe33cf29ef1623d
Counting Thyme,Childrens,£10.62,In stock (3 available),157f693d9e600ccc
Darkfever (Fever #1),Fantasy,£56.02,In stock (3 available),468bd274ac084bb9
Crazy Rich Asians (Crazy Rich Asians #1),Fiction,£49.13,In stock (3 available),c9782ad2a0ed9331
Dead Wake: The Last Crossing of the Lusitania,Default,£39.24,In stock (3 available),04d858cdeeee0da4
Disrupted: My Misadventure in the Start-Up Bubble,Nonfiction,£15.28,In stock (3 available),81372abc86f65c79
"David and Goliath: Underdogs, Misfits, and the Art of Battling Giants",Default,£17.81,In stock (3 available),d234ddecef49ef4e
Do Androids Dream of Electric Sheep? (Blade Runner #1),Science Fiction,£51.48,In stock (3 available),98330e431e56a9ea
Dracula,Default,£52.62,In stock (3 available),a7ec599c1a547746
Dune (Dune #1),Science Fiction,£54.86,In stock (3 available),36d5884d44484277
Eragon (The Inheritance Cycle #1),Fantasy,£43.87,In stock (3 available),b843f52a986a2914
Extreme Prey (Lucas Davenport #26),Mystery,£25.40,In stock (3 available),588ba85ff11a3263
Eclipse (Twilight #3),Default,£18.74,In stock (3 available),73f71f9556442117
Fellside,Default,£38.62,In stock (3 available),147019cae600694e
Fifty Shades Freed (Fifty Shades #3),Adult Fiction,£15.36,In stock (3 available),ed813a848580ba50
Fire Bound (Sea Haven/Sisters of the Heart #5),Add a comment,£21.28,In stock (3 available),2ed3a794a70aa85f
Girl in the Blue Coat,Historical Fiction,£46.83,In stock (3 available),41fc5dce044f16f5
Civilization and Its Discontents,Psychology,£59.95,In stock (3 available),396385e3de5d18c3
Breaking Dawn (Twilight #4),Default,£35.28,In stock (3 available),bbfc4a3b7b6c94a0
Catastrophic Happiness: Finding Joy in Childhood's Messy Years,Parenting,£37.35,In stock (3 available),ef49db2aaa9bb547
Career of Evil (Cormoran Strike #3),Mystery,£24.72,In stock (3 available),b461cf238506c5b8
Between Shades of Gray,Historical Fiction,£20.79,In stock (3 available),155e42df837ee5ff
Cinder (The Lunar Chronicles #1),Young Adult,£26.09,In stock (3 available),7e9579921e5407cb
Big Little Lies,Fiction,£22.11,In stock (3 available),d3f9c4539c0caa64
"Black Butler, Vol. 1 (Black Butler #1)",Sequential Art,£49.31,In stock (3 available),15f415d436888b2d
Boy Meets Boy,Young Adult,£21.12,In stock (3 available),8e0bc2fe4e7d35b5
Are We There Yet?,Childrens,£10.66,In stock (3 available),ef9c4f2465513956
Black Flags: The Rise of ISIS,Nonfiction,£40.87,In stock (3 available),860318b8e244f39c
"Born to Run: A Hidden Tribe, Superathletes, and the Greatest Race the World Has Never Seen",Nonfiction,£27.35,In stock (3 available),e256de8aa0c2115f
Blink: The Power of Thinking Without Thinking,Nonfiction,£21.74,In stock (3 available),0bbc48294707ba96
Brave Enough,Nonfiction,£51.32,In stock (3 available),fd2337c1b73b686e
Ash,Fantasy,£22.06,In stock (3 available),5d22e2a46604b6e7
Are We Smart Enough to Know How Smart Animals Are?,Nonfiction,£56.58,In stock (3 available),da0349a87c8caa2f
Awkward,Sequential Art,£38.02,In stock (3 available),1d89a2aa9f6ce50f
Beautiful Creatures (Caster Chronicles #1),Default,£21.55,In stock (3 available),5439bae708bca198
Beowulf,Classics,£38.35,In stock (3 available),3fb69f34e178d494
Best of My Love (Fool's Gold #20),Romance,£27.41,In stock (3 available),67dea6c75d6a1075
A Heartbreaking Work of Staggering Genius,Autobiography,£54.29,In stock (3 available),c9770bb1d5a492a0
A Storm of Swords (A Song of Ice and Fire #3),Fantasy,£31.22,In stock (3 available),87beabf664115d79
A Walk in the Woods: Rediscovering America on the Appalachian Trail,Nonfiction,£30.48,In stock (3 available),bcee4f289ff6699c
A Visit from the Goon Squad,Default,£14.08,In stock (3 available),5dbd6ec4e154ad2f
And Then There Were None,Classics,£35.01,In stock (3 available),cfe350b20d23b02b
"Saga, Volume 2 (Saga (Collected Editions) #2)",Sequential Art,£11.75,In stock (2 available),9189fd009df41d0e
Annie on My Mind,Young Adult,£36.83,In stock (3 available),7bf87402413c27ff
Sugar Rush (Offensive Line #2),Sports and Games,£24.42,In stock (2 available),ce42e3de94226b2b
The Course of Love,Fiction,£16.78,In stock (2 available),f3c76b53b239f511
Girl Online On Tour (Girl Online #2),Young Adult,£53.47,In stock (2 available),97b8f130d32e9f4e
H is for Hawk,Nonfiction,£57.42,In stock (2 available),b6d3f4f4ee1f6069
Kindle Paperwhite User's Guide,Nonfiction,£34.00,In stock (2 available),fb495f9f9015a772
Life,Music,£31.58,In stock (2 available),637e5a45062aa548
"Run, Spot, Run: The Ethics of Keeping Pets",Philosophy,£20.02,In stock (2 available),b0e479be03911916
New Moon (Twilight #2),Young Adult,£12.86,In stock (2 available),6fa3ea52c8e31e06
"The Sandman, Vol. 2: The Doll's House (The Sandman (volumes) #2)",Sequential Art,£54.81,In stock (2 available),276dc716b1da8899
The Sense of an Ending,Add a comment,£31.38,In stock (2 available),4130678275eb7c8c
"The Suffragettes (Little Black Classics, #96)",Nonfiction,£11.89,In stock (2 available),d2185b65af52d68c
8 Keys to Mental Health Through Exercise,Psychology,£31.04,In stock (3 available),f5873c8fc7760000
While You Were Mine,Historical Fiction,£41.32,In stock (1 available),8ceb5c6aed2c5f8b
Diary of a Minecraft Zombie Book 1: A Scare of a Dare (An Unofficial Minecraft Book),Childrens,£52.88,In stock (2 available),d7b463918d3b8c39
"Y: The Last Man, Vol. 1: Unmanned (Y: The Last Man #1)",Sequential Art,£18.51,In stock (1 available),09d26b5f819c6a36
#GIRLBOSS,Add a comment,£50.96,In stock (3 available),165affa7adb5eded
"Fruits Basket, Vol. 2 (Fruits Basket #2)",Sequential Art,£11.64,In stock (2 available),c0db71f6bb14db11
Travels with Charley: In Search of America,Nonfiction,£57.82,In stock (1 available),0268f149d014b389
Twenty Love Poems and a Song of Despair,Poetry,£30.95,In stock (1 available),e63c3f25338baf9a
Vampire Girl (Vampire Girl #1),Fantasy,£53.82,In stock (1 available),dab5e75d1339706a
Ways of Seeing,Art,£39.51,In stock (1 available),66a4e422b212726a
"Vampire Knight, Vol. 1 (Vampire Knight #1)",Paranormal,£15.40,In stock (1 available),e7e87087b1a44711
When I'm Gone,Fiction,£51.96,In stock (1 available),c5f91eb481427dc5
The Zombie Room,Default,£19.69,In stock (1 available),9c96cd1329fbd82d
This One Moment (Pushing Limits #1),Romance,£48.71,In stock (1 available),d6d98d3508c30f57
The Selfish Gene,Science,£29.45,In stock (1 available),6f2c0a9adbb2bca9
The Silent Twin (Detective Jennifer Knight #3),Fantasy,£36.25,In stock (1 available),9e9932ae1a7d0943
The Silent Wife,Fiction,£12.34,In stock (1 available),b78deb463531d078
The Story of Hong Gildong,Classics,£43.19,In stock (1 available),32d035df92ab9080
The Tumor,Nonfiction,£41.56,In stock (1 available),6514add13c82b115
"The Wicked + The Divine, Vol. 1: The Faust Act (The Wicked + The Divine)",Sequential Art,£36.52,In stock (1 available),dac9d1e654fac737
Three Wishes (River of Time: California #1),Science Fiction,£44.18,In stock (1 available),460f97a346b44bac
Where Lightning Strikes (Bleeding Stars #3),Romance,£39.77,In stock (1 available),def389ddfda6991b
The Name of the Wind (The Kingkiller Chronicle #1),Default,£50.59,In stock (1 available),c8614adb1a90b027
The Nicomachean Ethics,Philosophy,£36.34,In stock (1 available),5c10b64db3e4f228
The No. 1 Ladies' Detective Agency (No. 1 Ladies' Detective Agency #1),Mystery,£57.70,In stock (1 available),b0913e67d38d5ed5
The Mirror & the Maze (The Wrath and the Dawn #1.5),Fantasy,£29.38,In stock (1 available),c40b70e0f6d80189
The Odyssey,Add a comment,£29.64,In stock (1 available),f0512adadffd2480
The Hook Up (Game On #1),New Adult,£36.29,In stock (1 available),6e473eff459e809f
The Republic,Add a comment,£33.78,In stock (1 available),0ec9d2b018fb10d8
The Iliad,Add a comment,£16.16,In stock (1 available),86d8bd7afa5b51b3
The Communist Manifesto,Add a comment,£14.76,In stock (1 available),18b4545a5ed15581
The Complete Maus (Maus #1-2),Sequential Art,£10.64,In stock (1 available),3301af038a720587
The Edge of Reason (Bridget Jones #2),Womens Fiction,£19.18,In stock (1 available),29fc016c459aeb14
The End of the Jesus Era (An Investigation #1),Nonfiction,£14.40,In stock (1 available),09659d1639a1f978
The Girl In The Ice (DCI Erika Foster #1),Mystery,£15.85,In stock (1 available),ee61197edb882599
The Girl You Lost,Mystery,£12.29,In stock (1 available),4280ac3eab57aa5d
The Haters,Young Adult,£27.89,In stock (1 available),fff8a057a40c4a60
The Last Girl (The Dominion Trilogy #1),Science Fiction,£36.26,In stock (1 available),16c71736dae78764
The Light of the Fireflies,Add a comment,£54.43,In stock (1 available),04e43893e32f9d29
The Little Prince,Classics,£45.42,In stock (1 available),1aeca7d078d57deb
"The Sandman, Vol. 1: Preludes and Nocturnes (The Sandman (volumes) #1)",Sequential Art,£54.12,In stock (1 available),5faefdc861684eb1
The Secret Healer,Historical Fiction,£34.56,In stock (1 available),38f776ab9118aed7
Taking Shots (Assassins #1),Default,£18.88,In stock (1 available),a7eef9d6795422c1
The Art of Not Breathing,Young Adult,£40.83,In stock (1 available),5bc1fbccfbf2355c
The Bette Davis Club,Fiction,£30.66,In stock (1 available),dfb0849016bc122c
The Bhagavad Gita,Religion,£57.49,In stock (1 available),f3a0b8c835129558
Sister Sable (The Mad Queen #1),Fantasy,£13.33,In stock (1 available),3a9a7c5895e82646
Starlark,Historical Fiction,£25.83,In stock (1 available),e25164e5b3fe208b
"Skip Beat!, Vol. 01 (Skip Beat! #1)",Sequential Art,£42.12,In stock (1 available),2ac720f76384c57e
Paradise Lost (Paradise #1),Default,£24.96,In stock (1 available),849db7ab7f4a640c
"Rat Queens, Vol. 1: Sass & Sorcery (Rat Queens (Collected Editions) #1-5)",Sequential Art,£46.96,In stock (1 available),3cdca3b4a93980f5
"Rhythm, Chord & Malykhin",Romance,£28.34,In stock (1 available),9efb397067eb7e8a
"Saga, Volume 1 (Saga (Collected Editions) #1)",Sequential Art,£28.48,In stock (1 available),4f64568dfefa3ce7
Sense and Sensibility,Classics,£37.46,In stock (1 available),35e44170702139a4
Settling the Score (The Summer Games #1),Sports and Games,£44.91,In stock (1 available),132adf7335bb384a
Shadow Rites (Jane Yellowrock #10),Fantasy,£21.72,In stock (1 available),229cd6564bf0dce4
Shameless,New Adult,£58.35,In stock (1 available),c068c013d6921fea
Origins (Alphas 0.5),Fantasy,£28.99,In stock (1 available),8932e5c12f12ffed
"Ouran High School Host Club, Vol. 1 (Ouran High School Host Club #1)",Sequential Art,£29.87,In stock (1 available),326825e02a198cf6
One Second (Seven #7),Fantasy,£52.94,In stock (1 available),7ea31f38675b91c1
"Paper Girls, Vol. 1 (Paper Girls #1-5)",Sequential Art,£21.71,In stock (1 available),bcbcbcf0f6ed196f
Of Mice and Men,Classics,£47.11,In stock (1 available),39592d9d72e717c4
Shatter Me (Shatter Me #1),Default,£42.40,In stock (1 available),9ed7090d8fa690b0
Off Sides (Off #1),New Adult,£39.45,In stock (1 available),b6f1cfadc4dd79d4
Old Records Never Die: One Man's Quest for His Vinyl and His Past,Music,£55.66,In stock (1 available),a1985630339f4b3d
Kitchens of the Great Midwest,Fiction,£57.20,In stock (1 available),06f6a57a6d532844
Imperfect Harmony,Romance,£34.74,In stock (1 available),f28f7299d38c0932
Jane Eyre,Default,£38.43,In stock (1 available),8d390a1fc3133d06
"Fruits Basket, Vol. 1 (Fruits Basket #1)",Sequential Art,£40.28,In stock (1 available),72e6fbf4f6382557
Having the Barbarian's Baby (Ice Planet Barbarians #7.5),Science Fiction,£34.96,In stock (1 available),6717a70913b3db79
"Giant Days, Vol. 1 (Giant Days #1-4)",Sequential Art,£56.76,In stock (1 available),eb0fe24bbc845ecc
Icing (Aces Hockey #2),Sports and Games,£40.44,In stock (1 available),3455b45888fb5053
"Hawkeye, Vol. 1: My Life as a Weapon (Hawkeye #1)",Sequential Art,£45.24,In stock (1 available),6fe02600f322a0a9
Lord of the Flies,Add a comment,£24.89,In stock (1 available),71a6471bbdac21d9
Listen to Me (Fusion #1),Romance,£58.99,In stock (1 available),6e712ea24e77bd96
Lost Among the Living,Historical Fiction,£27.70,In stock (1 available),d510567580c8be52
Matilda,Childrens,£28.34,In stock (1 available),1053fb7ee17a1f33
Meditations,Philosophy,£25.89,In stock (1 available),4f19709e47883df5
"Ms. Marvel, Vol. 1: No Normal (Ms. Marvel (2014-2015) #1)",Sequential Art,£39.39,In stock (1 available),35a60467893aa168
My Perfect Mistake (Over the Top #1),Romance,£38.92,In stock (1 available),fd78f89878479f56
Myriad (Prentor #1),Fantasy,£58.75,In stock (1 available),63e20a0f98218a87
On the Road (Duluoz Legend),Default,£32.36,In stock (1 available),9ff997ab15713e53
Emma,Classics,£32.93,In stock (1 available),2e69730561ed70ad
Fighting Fate (Fighting #6),Romance,£39.24,In stock (1 available),6390772a3094939d
Forever Rockers (The Rocker #12),Music,£28.80,In stock (1 available),e564c3f1a93ccf2e
Frankenstein,Default,£38.00,In stock (1 available),a492f49a3e2b6a71
Beyond Good and Evil,Philosophy,£43.38,In stock (1 available),08672cd59171d5e4
Alice in Wonderland (Alice's Adventures in Wonderland #1),Classics,£55.53,In stock (1 available),cd2a2a70dd5d176d
A Spy's Devotion (The Regency Spies of London #1),Historical Fiction,£16.97,In stock (1 available),19fec36a1dfb4c16
"Ajin: Demi-Human, Volume 1 (Ajin: Demi-Human #1)",Sequential Art,£57.06,In stock (1 available),bfd5e1701c862ac3
"Bleach, Vol. 1: Strawberry and the Soul Reapers (Bleach #1)",Sequential Art,£34.65,In stock (1 available),099fae4a0705d63b
Blood Defense (Samantha Brinkman #1),Mystery,£20.30,In stock (1 available),95cdfd514098c38b
Bright Lines,Fiction,£39.07,In stock (1 available),230ac636ea0ea415
Charity's Cross (Charles Towne Belles #4),Romance,£41.24,In stock (1 available),a96404cb928895f3
Bounty (Colorado Mountain #7),Romance,£37.26,In stock (1 available),abc0b15f2c907ff0
Bridget Jones's Diary (Bridget Jones #1),Womens Fiction,£29.82,In stock (1 available),a2b4b685dfa94733
Charlie and the Chocolate Factory (Charlie Bucket #1),Childrens,£22.85,In stock (1 available),1774749f2cee292f
Choosing Our Religion: The Spiritual Lives of America's Nones,Religion,£28.42,In stock (1 available),a812f6969ddf3e39
"1,000 Places to See Before You Die",Travel,£26.08,In stock (1 available),228ba5e7577e1d49
1st to Die (Women's Murder Club #1),Mystery,£53.98,In stock (1 available),f684a82adc49f011
Deep Under (Walker Security #1),Romance,£47.09,In stock (1 available),0072b94dfa30608e
"Eat, Pray, Love",Nonfiction,£51.32,In stock (1 available),df56868afd166557
